tid;b;capex;g;i_max;id;opex;r;v_rated;x
1;0;400000;0;1360;Freileitung_110kV_2;0;0.0547;110;0.4
2;191.636993408203;101;0;300;MS_2;0;0.207000002264977;20;0.0691149979829788
3;185.35400390625;301;0;235;NS_2;0;0.319999992847443;0.4;0.0691149979829788
4;85.7655029296875;100;0;361;MS_3;0;0.165999993681908;20;0.117200002074242
6;191.636993408203;0;0;300;line_type_nehen23419003c3a2d62c93e0cc8cfea736a843ddfb0b026f7cda9c515e08a81ff4d8egd;0;0.207000002264977;0.400000005960464;0.0691149979829788
7;0;90000;0;617;Kabel_30kV_2;0;0.068;30;0.109
9;0;60000;0;410;Freileitung_30kV_2;0;0.237;30;0.361
10;191.636993408203;302;0;265;NS_3;0;0.253899991512299;0.4;0.0691149979829788
12;3.22012996673584;0;0;290;line_type_lhr0f7db426dfcfbba20f268415c0488b05318c08c9965275c04bfd9aa74b88db15nr;0;0.437000006437302;20;0.356000006198883
13;0;70000;0;423;Kabel_30kV_1;0;0.13;30;0.12
14;3;200;0;550;HS_1;0;0.109999999403954;110;0.379999995231628
15;0;60000;0;290;Freileitung_30kV_1;0;0.413;30;0.379
16;163.363006591797;300;0;195;NS_1;0;0.442999988794327;0.4;0.0722566023468971
11;0;350000;0;680;Freileitung_110kV_1 ;0;0.1094;110;0.4
5;3.22012996673584;102;0;290;MS_1;0;0.437000006437302;10;0.356000006198883
12218;0;0;0;182;line_type_gh10a6cab050e4d0eb8e963ede7f9a5c53bb13cba54703955c69d00d6f9380c7e7em;0;0.444000005722046;0.4;0.0869999974966049
12219;6.00044202804565;0;0;210;line_type_Gb3382c734043d7f82fc131666736bea37198af88b3ce36be9c83fcce670c808b4r;0;0.583999991416931;10;0.38400000333786
12220;30.9446868896484;0;0;290;line_type_ete7163c8003327942ecf05be98bed5cbef6ea603b3d26568db54f24b90f05706fdGl;0;0.358000010251999;10;0.323000013828278
12221;125.035385131836;0;0;200;line_type_nee2fa6d72c8664c935c84431058efcc3a6998c34f7a8e31516e0ed22816eb265citn;0;0.233999997377396;10;0.108000002801418
12223;19.9491138458252;0;0;290;line_type_relG57d4285c313a7d2bc47856a13dcb718dc3a8280f4780c0b9a68457d16ecb73efni;0;0.351999998092651;10;0.308999985456467
12224;126.354858398438;0;0;415;line_type_eeenc4b806d57df0b2868197bc5b09e2495b4d1cee18c5b94bbf3715a318160bf9d7eerr;0;0.068000003695488;10;0.103000000119209
12225;134.585830688477;0;0;296;line_type_de6996f9b0b58ee2ed715d39f12a5fdd7265e572a80d5d618fb8eaf20c25baf98eGrr;0;0.180000007152557;10;0.103000000119209
12226;6.12610578536987;0;0;290;line_type_eta9b3a4a9b1c1609ed6b52df388f0f1cf82eb018690ac471a2bbc69cf93bfefd9g;0;0.400999993085861;10;0.370000004768372
12227;84.477424621582;0;0;200;line_type_t699ffdb1fd41ce76d93d9793f583fb61eb6d6efab7b0e945b8dd47f049d95f2fdGa;0;0.391000002622604;10;0.185000002384186
12228;0;1000000;0;800;"Kabel_110kV_1
";0;0.0283;110;0.11
12229;155.603088378906;0;0;343;line_type_nf7345e41982fa3928c99a1a7603f02fa7fe784c91eec25da02761a5008a4067b2nta;0;0.155000001192093;10;0.0920000001788139
12230;74.6756591796875;0;0;323;line_type_nhe06c183ac64a02edf7f88b2dca3398654ebcde7e5b27897dea9a302595f7e683m;0;0.20100000500679;10;0.126000002026558
12231;102.258842468262;0;0;200;line_type_dlbaa26adfd62153c60013562db70fb15d26760cbef026ff351f7e970b2925b90feide;0;0.331999987363815;10;0.108999997377396
12232;158.2734375;0;0;343;line_type_eab1ce75db2d10a671f195f28adfd2b521f622f772c510a1dd8542f58116831edn;0;0.153999999165535;10;0.0900000035762787
12233;0;0;0;224;line_type_ddelt90d226993e8b9f9818a0d5f2fe9f9211b5c4d761c1dd2291c150f9b27b0bcadaef;0;0.319999992847443;0.4;0.068000003695488
12234;0;0;0;246;line_type_egt0f7def745aa5b4a950aece94ef43c09970a4b3ccff9d64cff605673997aff9e7n;0;0.208000004291534;0.4;0.0799999982118607
12235;58.2451286315918;0;0;290;line_type_nleea2c47062d6cd7530a76662ffb0ab46614e9dc05901c0a7b9d273a275748a9870baab;0;0.305000007152557;10;0.263000011444092
12236;119.914588928223;0;0;200;line_type_ane8b066a70aa1768108a8ce7c462fadbcef713f6897bf025c5b72801196951d601lnne;0;0.367000013589859;10;0.101000003516674
12237;113.631408691406;0;0;200;line_type_bgaac2f5504abfcf448905b7fc5d00cff90c7a0a813092115e43d124cd47ccf25feeIt;0;0.363999992609024;10;0.103000000119209
12238;0;0;0;999;line_type_ar3e8d931ef77d4b748599e5e5cfbd810ca5d3d86357e8a9c9b195d4e15b932fb4g;0;0.400000005960464;0.4;0
12239;115.956184387207;0;0;316;line_type_n360a844e48289b082c9acc4e51299559de498908a3baeb2960b726344bdef801ee;0;0.210999995470047;10;0.114000000059605
12240;153.686706542969;0;0;343;line_type_aenb3d3945a0b223acabab9840fdb8dde073c83bcafa449f3dbb167385aed125803i;0;0.156000003218651;10;0.0930000022053719
12241;146.146896362305;0;0;200;line_type_nefc81521b2420996b1c1ae2036ac043394e1fce1cccd8ae9be2a532a06e55eb7fi;0;0.23199999332428;10;0.0930000022053719
12242;47.6893768310547;0;0;200;line_type_lat656bce7df8878087684b465ac9e64b35cd868b2321e2e866bb7ea7bb71b6b162;0;0.397000014781952;10;0.275999993085861
12243;79.13671875;0;0;290;line_type_eeeeIid24ca550446abd935e2566a3178dbcacb6041ca4c343544cac8475fc1257e0e0b;0;0.264999985694885;10;0.218999996781349
12244;67.1672515869141;0;0;323;line_type_ihGee5c26a162ac747185510f1e5b0b1fce916ccf66ea703e31e2dfa2318d3eaa453ced;0;0.206000000238419;10;0.128000006079674
12245;96.101318359375;0;0;290;line_type_er14ad273e6b48d26153173c65ed5c95b454370fd0050e5513fd2f89eb9e028ec6eh;0;0.231000006198883;10;0.180000007152557
12246;7.09999942779541;0;0;290;line_type_encb5b5dfdcab751325643ed058756b759924fd2105348310300401bcf8befe4c7l;0;0.405000001192093;10;0.375999987125397
12247;89.629638671875;0;0;323;line_type_htt3745ab25a3fa3f59e17922d2d8f99f11d9798752c3185784f56bf58ad4fe6392bag;0;0.19200000166893;10;0.122000001370907
12248;0;0;0;185;line_type_rf6a17291578ec9f603d9153598badd376960b6e4ae31c36d2241b8c02a7e1902agte;0;0.386999994516373;0.4;0.0850000008940697
12249;94.970344543457;0;0;250;line_type_antf92cb047c7fa989af3662ecf387f131404ed7cc3179492565e0efeef8ed899e4ihr;0;0.215000003576279;10;0.199000000953674
12250;0;0;0;999;line_type_rf99074d2599b83a9e7047ecd6a90b8d4a2165acecf39cfac6c86a3971fb49840rg;0;0.642000019550323;0.4;0.0829999968409538
12251;0;0;0;141;line_type_nbrt1b4c059376d30dbe6792e9843a5667174460233f5a7f7dede6e44cbb318be6f8eid;0;0.769999980926514;0.4;0.0850000008940697
12252;32.6411476135254;0;0;290;line_type_ldieae6b092fbac05d786866f7716f0696a9e178e30b0b6b7591acd8aae5aeec0821eet;0;0.307000011205673;10;0.252000004053116
12253;9.33053016662598;0;0;210;line_type_nrne5e6bf2668fa84b0b561bd3bea34a7458f3429bf9a149282527a5e4dcf04c26dniat;0;0.573000013828278;10;0.375999987125397
12254;8.19955635070801;0;0;170;line_type_nei5441ab196c0b522251e563e45a8699ff827176c4d7ed69c26b0d298dad7d8d77edf;0;0.796000003814697;10;0.388999998569489
12255;67.2929153442383;0;0;170;line_type_ge8f971fea7a94c034503cf685780996494cad09ac3fc267aa769852eca1bde7eeegd;0;0.486000001430511;10;0.252000004053116
12256;0;0;0;148;line_type_ni95cbcd2b0f3513d99f7ea06484e42510a40da8b280662efedc92bf14233631ednn;0;0.642000019550323;0.4;0.0900000035762787
12257;2.82743334770203;0;0;170;line_type_dG09c9dfb3c2be1cecde3145672181c90ad60259e3d8c5f389a20fd849608deecfi;0;0.524999976158142;10;0.389999985694885
12258;26.4836254119873;0;0;290;line_type_rrd8f5c687ec9d35e9f3eb4de8e7a651c85ad7bde1bb1215850c62342e1261ce80eaed;0;0.368999987840652;10;0.337000012397766
12259;0;0;0;159;line_type_icf9b3d84fefa618aa114a1c61152ba7f55f769cd04925bd76096574e538a62a6dei;0;0.526000022888184;0.4;0.0920000001788139
12260;0.44808;0;0;290;line_type_eIhdd870fa8e55f2d020ba54760c2ce382812b043057d2fae380cb0b6a70c2c6eb4eah;0;0.065461;10;0.061023
12261;121.014152526855;0;0;200;line_type_aerba28fb21723ed8a4ceee499b6d4c9d943887307a12684afad79afe0e09bc0d87te;0;0.33899998664856;10;0.101999998092651
12262;150.796005249023;0;0;155;line_type_n2a80fd5d42089195e7fc9fbb9c2a63cf68ac0bb2085691df355cc18be30f2a7air;0;0.642199993133545;0.400000005960464;0.00999999977648258
12263;143.256622314453;0;0;415;line_type_hnd46b5eda9c0b727183eb374269de7c18598a6ceba50dcfcbd2869ccac968a886eib;0;0.129999995231628;10;0.105999998748302
12265;106.154418945312;0;0;290;line_type_benrb42c91df396c6eca4cd25053a15b0770ca2c993e09b31a4ee7d20981cebaba74ddn;0;0.210999995470047;10;0.158000007271767
12271;124.281402587891;0;0;257;line_type_aeGef6a958503b6c5fe5466738444b656b0d825b7ee534f37dd32b6ea5dce0650c0een;0;0.193000003695488;10;0.10700000077486
12273;192.579635620117;0;0;603;line_type_bfd64b6f81f917bca51c217ed1b0183fe17d65644e62ece66c2eb6f81958604d55al;0;0.068000003695488;10;0.096000000834465
12274;0;0;0;129;line_type_nebba7588d967f0923d1ed9d81e9b47eec1c4cc93c2c57dfe6cad410c16cc8ec7a9bgget;0;0.870000004768371;0.4;0
12275;140.272109985352;0;0;296;line_type_42ea0af07d3d511dbab2dfd6fe852aa3e1a1d7dadbdb59373d79df92a824b98dien;0;0.166999995708466;10;0.101999998092651
12278;100.405303955078;0;0;200;line_type_gdcd03427f80a7d75536c0b14368d9e7c253dda099a8d9ee4bf60c54bf31ce7damih;0;0.321999996900558;10;0.109999999403954
12279;2.82743334770203;0;0;170;line_type_neaa472de057d71c797d2033ef53f43596531d588c32d5e2f78799649d102b16b7d;0;0.514999985694885;10;0.388999998569489
12283;18.5982284545898;0;0;290;line_type_erede8a94d237cad39d938f6f092bbd227aa352f7534ce5c68e26a60fca396217727d;0;0.381999999284744;10;0.349999994039536
12284;0;0;0;999;line_type_t9e62e3229e070f428c91180f34afe9b7b3ba75b283085f2d427bc74e85ba4926nrd;0;0.41100001335144;0.4;0
12285;17.6557502746582;0;0;170;line_type_arle0ccd302557ced3d675a4739eea0c25e80ee13648eab593f60e9e5317e289ad4rne;0;0.665000021457672;10;0.331000000238419
12287;91.546012878418;0;0;200;line_type_da97b440cfa781d420eed52cb2dcc5d6f9ac5ac6ea61602a649630b49c02f6b07e;0;0.300999999046326;10;0.114000000059605
12288;64.5597305297852;0;0;323;line_type_rg47bcba3fee4fdbbe0f3f7b4b6558c60b7fbe006bb3d15dd67ef3723abf6d3099nrann;0;0.207000002264977;10;0.12899999320507
12289;147.466354370117;0;0;296;line_type_nb1898f82a7975f30b048097f25131b5a1b86747deecf797494cbeecca6dd4e858nr;0;0.189999997615814;10;0.090999998152256
12290;0;0;0;98;line_type_e810bf9c3ee7e9ab9f6f15da8461d41cf8d1568cfa2f8d74348ffd312631667deina;0;1.37999999523163;0.4;0.0900000035762787
12291;149.979629516602;0;0;200;line_type_red794bab2130d070bd4b51583929b3dce1b3b02a89145fceb96966f9319b2939d8ee;0;0.209999993443489;10;0.0920000001788139
12292;3.22012996673584;0;0;290;line_type_n0f7db426dfcfbba20f268415c0488b05318c08c9965275c04bfd9aa74b88db15r;0;0.437000006437302;20;0.356000006198883
12297;111.620788574219;0;0;171;line_type_rbeec2f0f4f0a8e906b28257e0ddedf46cc0d06374c420a7a8facbdb3a3650999enih;0;0.300000011920929;10;0.103000000119209
12298;79.5137100219727;0;0;323;line_type_daf580cdca4fcc711e0f00d35a250a22a8efbcebe3341e5720b996b4c64b198a70ahn;0;0.197999998927116;10;0.125
12299;6.37743330001831;0;0;290;line_type_leh685d591b24f36d4cd711c927db353718a86838644167636608bddd7a529bd1e2rel;0;0.40599998831749;10;0.377000004053116
12300;0;0;0;135;line_type_r9a0033c88ffd4318cf0128acafdf34769de5bb26c34c1a56a3a839287eef1c77e;0;0.86599999666214;0.4;0.0860000029206276
12301;157.205291748047;0;0;343;line_type_rd7c4d597742de14b505d1d151806ffabd32a5980acd398260e4bc81aa07949cfafh;0;0.149000003933907;10;0.0920000001788139
12302;127.54866027832;0;0;358;line_type_hem245051103a2258d9e8be9f6201efa1396d2c1cc88588c04db7d3ad78e77b843eGl;0;0.168999999761581;10;0.111000001430511
12304;13.0376091003418;0;0;170;line_type_nied60c04d39b9d91f97b44610ab20a740746533040351461f49c9769aeefd362eddfet;0;0.769999980926514;10;0.377999991178513
12305;0;0;0;999;line_type_gg54e67ba4b0578039fe077554c250b54bddb0e73f42d2a77a958bd25a6d19cb0et;0;0.321000009775162;0.4;0.0820000022649765
12306;25.7924747467041;0;0;290;line_type_3af4994bfadbad131cbff32c36f438d78b504a8756d04bd4a14ab65e32c6dfa6e;0;0.368000000715256;10;0.33500000834465
12307;58.0566329956055;0;0;290;line_type_c5a42daff4d95c7449725c53d61e552a0898d60c24356084a85931e8eeeeed07h;0;0.310000002384186;10;0.254999995231628
12310;36.1283149719238;0;0;170;line_type_addcd0fb447f3bf53a55d680c2fbba5afecdd84eb085050ee7b86b5f3abe4d675bl;0;0.465999990701675;10;0.244000002741814
12311;128.491134643555;0;0;294;line_type_ecbf89ebfd3ebc2d4d4814cdbb7fc61cfb71e9cfe3a0996972b8b16f007ba15bae;0;0.180000007152557;10;0.101000003516674
12313;260.752014160156;0;0;270;line_type_frd5198e840bdfd45702ddec237dbf3e27be3f2374cef21ded4da24816c2d94030;0;0.206000000238419;0.400000005960464;0.0804248005151749
12330;9.5190258026123;0;0;290;line_type_7c69bcfff7312cd1105d299a31b5677b19d6cc59a2325e74836f25438d3edb86e;0;0.400000005960464;10;0.370000004768372
12333;74.1101684570312;0;0;316;line_type_ae7691447c643a90ea99372452111ec94aa61ed59c9853ff27819fe730d6030be0b;0;0.209999993443489;10;0.126000002026558
12336;140.366363525391;0;0;358;line_type_trbtn51f67f76ccad41e3eebe513806f8ba92e80c937891389a6f0343589f70b229e6i;0;0.136999994516373;10;0.10700000077486
12337;0;0;0;999;line_type_rnha45ec8d9c907ccd01b513cf58b056afd2fab587c3a9ce2cb884caaca7a033cb7ae;0;1.14999997615814;0.4;0
12342;138.418579101562;0;0;358;line_type_dlI5f02fc1f3df94118ae9bc5e8a7840f437a4d38803d6b955e46c6392cc1dae1c4r;0;0.142000004649162;10;0.108000002801418
12343;65.9734420776367;0;0;323;line_type_eeb59fc9594747b6c596737e6f7ef1c57d122bb1f54a6959bb26d60b59421f519eed;0;0.206000000238419;10;0.128000006079674
12347;157.362380981445;0;0;343;line_type_eeea46eb5616d9c37ae83c288cd12d9e3faa08f8ac64ec629d082346eb463077deggG;0;0.151999995112419;10;0.0900000035762787
12348;2.82743334770203;0;0;210;line_type_ee8b8f6a23e1f73f4f495d493da933609cedfdd37f99a0c6050b0edf608b40a8a6l;0;0.595000028610229;10;0.391000002622604
12349;54.6637121724624;0;0;334;line_type_bedb4b470b854405994b802840f3ebde53aa4dacbe385e5d6bce5b8afdcfbb6e7aerGh;0;0.15;30;0.12
12350;78.7597274780273;0;0;290;line_type_hnn03c0453153eb9e610b126adbd2069c2ec1c9c329a2feb760bd8df95e200f348dln;0;0.287000000476837;10;0.24099999666214
113;0;0;0;0;line_type_6d4d8f535387aa6f_6d4d82d4fe023e8c;0;0.4;0.4;0
12353;0;0;0;103;line_type_id29334c4f5087550dc84f1ae7964f87929b7741897d855c54e702bced21a67aabrrb;0;1.20099997520447;0.4;0.0939999967813492
12354;136.753524780273;0;0;343;line_type_a7c34ecb7b195eb970e7c03cba5a5aad954ddceb972fd42a810941df1e77ac58Ild;0;0.164000004529953;10;0.104999996721745
12264;117.495567321777;0;0;316;line_type_ti7726ca3fa94fd2b8c4bf27727aea47447ef69ceaa091de315d100e0bb5b09385gnt;0;0.210999995470047;10;0.114000000059605
12266;0;0;0;98;line_type_r3b0f04e2a4051e12fa3861273bddcd4d7647cc93ff5c36cf13cd4d5338adad80na;0;1.14100003242493;0.4;0.0900000035762787
12267;106.154418945312;0;0;200;line_type_2544633dcf29da9bf196bbf8486080459bb7807ff7a437df2deec551cd893536n;0;0.264999985694885;10;0.112999998033047
12269;0;0;0;999;line_type_ettb522eacfe885a46cddd40750d693b4c7f2825173f5b6bc52f34721d833cb0d94a;0;0.442999988794327;0.4;0.0689999982714653
12270;110.018577575684;0;0;200;line_type_reed4e70315e217caf24b48f76c6dcc7f288c4ae2f2f345ddf0c8bb51a08e8cae14Gibh;0;0.354000002145767;10;0.104999996721745
12272;128.711044311523;0;0;294;line_type_rb7f54b37de31c737070aac8d180a1d940e8fdbee6c074e0d6c55020ede4a82e0cneml;0;0.18299999833107;10;0.0979999974370003
12277;67.324333190918;0;0;316;line_type_rlg2d4574ca743f81b756f62a8977e9b150bff8ec52ad97c10423b560eeb91f8712enrG;0;0.209999993443489;10;0.128000006079674
12280;70.0575180053711;0;0;200;line_type_nerff39fc5517a8dbb90eceb6f6568affb9b5af1cb81f7226e1570db68b06b38564Igahi;0;0.370000004768372;10;0.224000006914139
12281;75.9637069702148;0;0;323;line_type_bce30c3ba0091429334b6252f7e83b841b692775b8262ad9c990485d1bd87ceer;0;0.200000002980232;10;0.126000002026558
12293;134.711486816406;0;0;200;line_type_brcdad80f66816562c301dde76f6e0f1f7c85ddca02b0dbda7e23089d3af63f64die;0;0.250999987125397;10;0.0970000028610229
12294;47.8150405883789;0;0;160;line_type_hn23a719383d4b1c0948b18fc2d41bb95d52605a6ae1db354c45e477af0b0f878bei;0;0.531000018119812;10;0.307000011205673
12295;0;0;0;999;line_type_eil9a32938be96e9a7743c04227f66ba5535ee96802582fc7cbd15435b981fbac5eidh;0;0.444000005722046;0.4;0.0850000008940697
12296;46.5898208618164;0;0;290;line_type_bc74068bb7a63768a56f5132166a6bf84f14cd7158d3cfca9a4be617c1b77289bbb;0;0.326999992132187;10;0.289000004529953
12308;2.82743334770203;0;0;160;line_type_lt470e112041694602c112302207dbf9cf19c7a60e50550a615b0f6b5ebac2ddcbrtrl;0;0.735000014305115;10;0.416999995708466
12309;70.9057464599609;0;0;210;line_type_ttn68a2c94ee9680ad48d5bcb11b00776599933eb92210be8767afc6647f774d8dcn;0;0.361999988555908;10;0.238000005483627
12312;0;0;0;313;line_type_b0ffb606bfb613690fd270b3f56edbd8acccf7ab743e90cdb7859c367eba7bf05i;0;0.166999995708466;0.4;0.0829999968409538
12314;117.998222351074;0;0;290;line_type_i0a85a0782f199ca59aa688c156db22cb3565667b6aa569342ea2693bc52370c8ei;0;0.187999993562698;10;0.131999999284744
12315;128.773880004883;0;0;294;line_type_ebti2ba129180fb524d634be8a07afbb111545985f260a0005a6bf05c0a0f9ddd938n;0;0.184000000357628;10;0.0970000028610229
12316;27.4889354705811;0;0;290;line_type_b71a0f65c4e779c261e588c1281b32a2e539c38771746e6e392ddd7a85989b223rn;0;0.370000004768372;10;0.328000009059906
12317;119.506187438965;0;0;257;line_type_aefb9c2c2a9618ecf080290c6eb969d8bfcfe7ba6bd4c0f87df508ba50389676;0;0.229000002145767;10;0.100000001490116
12318;0;0;0;316;line_type_e794dda5a796747f51325fcadfda16f55fbe4cb4c631f676a3b696a4c3b93b4a7edat;0;0.202000007033348;0.4;0.112999998033047
12319;119.914588928223;0;0;257;line_type_nl10e517433fbf241c50965fea31c4ae42ef8a181b42441f4d757e300bcaabbee6iet;0;0.225999996066093;10;0.101000003516674
12320;14.7026538848877;0;0;170;line_type_r5aae57a295672067557a6ded2352e8b3bfb60869fcd12793e84c7fe9eaae3379en;0;0.709999978542328;10;0.351999998092651
12322;40.275218963623;0;0;290;line_type_ltl5ef39d56d57075ba0018eaac261485151abff9aeeed467a4a0f586244b01d64egGe;0;0.340000003576279;10;0.303000003099442
12323;0;0;0;129;line_type_bbnb9c8df55c66d3e695eae62ac9abde17e6c11c5fa15f6a68746a4bb2fa5ecb47ee;0;0.870000004768371;0.4;0.0879999995231628
12324;0;0;0;999;line_type_trbe36f6ebfb0d26dfb3366754dd781c8fac0bdee4783d5f16fe54a1e032b99f1b5heten;0;0.723999977111816;0.4;0.0860000029206276
12325;124.689811706543;0;0;315;line_type_edbd055195044fb4db03a896a0ce3ddfd0f7ff88320bd57aeec529b3a70be44735l;0;0.180999994277954;10;0.114000000059605
12327;158.179183959961;0;0;296;line_type_tfe3e2e25d5edf6e42726ada097852180dcc4b9787da49a76614853e7ceb67e84g;0;0.158999994397163;10;0.0890000015497208
12328;0;0;0;999;line_type_r0631ee796bf7e803157208585ae981643ea758c102ca1be7e36d6f39a1ecc685iee;0;0.319000005722046;0.4;0.0780000016093254
12329;113.411491394043;0;0;200;line_type_nrbab43fcd9caf618a16464968db2c93b6089fa6a115d9f69767ce3b77bf53c6bete;0;0.256000012159348;10;0.108999997377396
12331;94.0906982421875;0;0;290;line_type_eda31f94310c0b60abdb41e2a9c38f4eb8d4efa37bd3ff8ff33bcd580cdd8de666fitt;0;0.233999997377396;10;0.185000002384186
12332;141.654418945312;0;0;200;line_type_leemetaceb1c03d7de7dbe5d968f19c5bf73463b9a478697d29518c58b39efc04df2b0b;0;0.256999999284744;10;0.0939999967813492
12334;39.489818572998;0;0;200;line_type_mGehn5e8c4ca4fb723ec6179ba806a549095f99275fb5f8243c6b9538c3aa351350afn;0;0.342000007629395;10;0.248999997973442
12338;0;0;0;215;line_type_trb1f5154aad2765d9ec74d6c263e6307e0c0f3a4ae321feeae4c65ea882b4abfddh;0;0.319000005722046;0.4;0.0860000029206276
12339;18.9123878479004;0;0;290;line_type_eaen3fa0ef00bc52394f80b726167f908310f9330d6159dcb9139df0813409fc5ffaia;0;0.381999999284744;10;0.349999994039536
104;0;0;0;0;line_type_7c0d87d61f3bdb0d_41a3fe014a9dfdaa;0;0.411;0.4;0
12340;159.435821533203;0;0;343;line_type_ee5dc07f96ca6d88a25ef3942cc6e687ed69dc2eed021e295211ddfc3a90cbf97ededb;0;0.151999995112419;10;0.0900000035762787
12341;90.7920303344727;0;0;323;line_type_bnf7be815576321a58227a2ea111c88e1fa59cb50bf7118d43b62687bcd9c374ffdna;0;0.190999999642372;10;0.120999999344349
12344;146.209716796875;0;0;229;line_type_ad442daf2f94d12a2ca59cc6b1b0387a66700d5b1a70e7c58dbdacb246bfde3f24n;0;0.200000002980232;10;0.0939999967813492
12345;142.691131591797;0;0;358;line_type_abd00302387a03a24429179ce9b61cf83270843849eb857f6bca7629aa5c92d35cn;0;0.130999997258186;10;0.105999998748302
12346;120.762825012207;0;0;200;line_type_be0a19082b8b9c91488a1fec5f6b5785003b086171220350ea5b948612db1adc28r;0;0.344999998807907;10;0.101999998092651
12351;0;0;0;34;line_type_hr6a6131d7b76e884ddb1bfadd9ba4ad1c49b1997363e203707f188fcfceb0a919rned;0;8.86999988555908;0.4;0
12352;115.987602233887;0;0;290;line_type_4fe22c95c6f73550982fdb8270c8c742bc1012e4b0add481979ebeebed6e789ddni;0;0.19200000166893;10;0.136000007390976
12355;145.487152099609;0;0;296;line_type_bmhef3ee56dfd418cb9c801075d059578a11b89d4ccb85fa16ebd9661829ca378dfidd;0;0.19200000166893;10;0.0930000022053719
12363;0;0;0;225;line_type_igbd68aecb51b26a72ffa670b21c1aacdafe24810b5b2feee51fa87db67d73470bc3nid;0;0.555000007152557;0.4;0.300000011920929
12364;0;0;0;215;line_type_ng3c5dd4f6cf76f95bce6c560d6689dbc1208c774c262556e18f006978ba699cberb;0;0.319000005722046;0.4;0.0780000016093254
12367;0;0;0;999;line_type_reieed6993fc7cdc57896597e83983121888021f20d34d416bdac70eb225d1bc893ten;0;0.86599999666214;0.4;0.0860000029206276
12368;150.796005249023;0;0;135;line_type_23185ed1c9a025539f44df9eb464c36f22a27170207cbd2c653620eb2c8a54d6n;0;0.867999970912933;0.400000005960464;0.0750000029802322
12371;0;0;0;179;line_type_faeemf5df5c1b0e73bca45ffdd8d150455e0f99217535809b52694d709ab853b7e616ie;0;0.444000005722046;0.4;0.0869999974966049
12372;201.061996459961;0;0;400;line_type_e75e8af1b3de1468fd94e70acbf91e70092481792ef80c2c0342b915ff2031b93li;0;0.126599997282028;0.400000005960464;0.100000001490116
12374;126.637596130371;0;0;200;line_type_he863e90ad76030d1722d12f7a9371c3bdeeddaaecb5a56f31ac0c01456bdac93dnin;0;0.180999994277954;10;0.109999999403954
12378;21.2057495117188;0;0;170;line_type_e1321fdf79bb75bcb6264bc6f3327a627dac0b3e03b1700c6ed11481593ca56d4dre;0;0.727999985218048;10;0.358999997377396
12380;125.286712646484;0;0;290;line_type_tda02e8f7d922566c52ca4c7bf5bc4e69bdd83906036b13f9ec1748cf9f8cb2b86bet;0;0.172999992966652;10;0.11599999666214
12382;61.7322959899902;0;0;323;line_type_ndbd3710509dc407f5f8f1ced13af3402ede00d09fd2ef895f995e745e7ff13ce0abet;0;0.209000006318092;10;0.129999995231628
12385;1.49225651045515;0;0;645;line_type_nln00c54003aaeed6cbcd227889b97820f2a8b5766cc8def64624896bec3ad7c92feb;0;0.1188;110;0.39
12387;10.2415924072266;0;0;290;line_type_e0d530efd24345f382d02ed240c486a383318e3e9c0f38bbb494c922935466e43ti;0;0.395000010728836;10;0.363999992609024
12389;160.221221923828;0;0;343;line_type_b8c3f286fe91fd1b41e0316f96d26f37366889fa0a551628fdd329774273f4b3;0;0.152999997138977;10;0.0890000015497208
12394;122.553527832031;0;0;323;line_type_7ab79b491872c7dea5f55f6b4509aec63a8881570f45eb2b374786e9efbe3a49htt;0;0.172000005841255;10;0.112000003457069
12398;11.4353971481323;0;0;290;line_type_ra72f085a5db25d8786c63f734eb6f8719526e3aab5bab536230807b8ed4851654dd;0;0.395999997854233;10;0.36599999666214
12399;3.02000999450684;0;0;85;line_type_ebi8565e47d470d1acc778bced22351da3d1b0960c2fa15f09f54216ae92dc75dcdi;0;2.01600003242493;0.400000005960464;0.36599999666214
12401;0;0;0;75;line_type_nGh8dfdf5daec961bd8b3b2298c03b3568637a55acb50a514f4594b63f1f204f595;0;1.80999994277954;0.4;0.0939999967813492
12402;124.061492919922;0;0;200;line_type_ee8927e26e07e16da8a847e35cccb82a30046668dff9e810a41551bf40606b1232nt;0;0.25900000333786;10;0.105999998748302
12405;10.1159286499023;0;0;170;line_type_eIi8f9d69ee7491fbfcb01699b3e7e020fa8e7958948e4d73d265a2c73e84ba23f3nee;0;0.78600001335144;10;0.384999990463257
12407;0;0;0;274;line_type_if63377034060ab18f09408fa81fe7af5eb4b75829d008298b84098fa999ac116ee;0;0.23199999332428;0.4;0
12410;47.4930000305176;0;0;320;line_type_iead4a699744adf20831d2896799a888acdc00be52f2c6814494cab3b5bc15cd4cenrnn;0;0.500999987125397;20;0.716000020503998
12412;118.186714172363;0;0;200;line_type_rne5d3feb407c884da5f60be35bc9e8c6280cdaa76feef880bd82dd40bd9c1ca626e;0;0.365000009536743;10;0.101000003516674
12414;150.796005249023;0;0;155;line_type_nrda5a8998a3bdfad89746ac239db6fa735f92f67337f314888405fe04cad2b37917abf;0;0.640999972820282;0.400000005960464;0.0722566023468971
12415;148.848663330078;0;0;296;line_type_tae486f830be78f0896a40a413878c9bb24575df24575630dc26f29734f45cef7ebn;0;0.170000001788139;10;0.0939999967813492
12416;1.77499984927823;0;0;1360;line_type_ehcffce46a9cf632b6366667d8f4c0906a6835a0d64e2123edaa495b97deba2bbeende;0;0.0547;110;0.3
12418;156.6083984375;0;0;343;line_type_lege17a21822abc663f259a42ebd36cf3770cc3481e0057e0e6e2920fa1df82f95c1gh;0;0.155000001192093;10;0.090999998152256
12419;2.82743334770203;0;0;170;line_type_rheeb10497935413a9f8a73c1986578ebd83a997167d16a2e8f71846faab8d246603bgn;0;0.629999995231628;10;0.393999993801117
12420;127.61149597168;0;0;200;line_type_nbnfc456395e6deadb5c0939bcc388551f415e029c37cd1aa82c78a5c762de32549e;0;0.312000006437302;10;0.0979999974370003
12424;0;0;0;999;line_type_hnff38592fe2fec2f9f66ed71432ae0fe985f113554e432ae69b05ae06d415e277ben;0;1.11000001430511;0.4;0.319999992847443
12425;0;0;0;224;line_type_r9152105660f54e3a7a78352bc93990ab85358cacc5f1893a2e5723068b8374d2ree;0;0.319000005722046;0.4;0.0860000029206276
12426;26.6407051086426;0;0;170;line_type_bcb0b4ac3da5fc7d625948ef39557c5dc6965f8a34155febc712d177db1600223n;0;0.699000000953674;10;0.345999985933304
12429;123.747337341309;0;0;316;line_type_debee04b326340986f2c8501dacd9731d634c0fa52bf648bd67296bc8fff4285b0260tb;0;0.185000002384186;10;0.112000003457069
12430;0;0;0;999;line_type_c93120ac171993eadd5ab148481f69b1b6231fbeb4689a0cde394bc9681300ffgee;0;0.875999987125397;0.4;0.0829999968409538
12433;0;0;0;142;line_type_e8dc66cc1553bfabb5a5f3375c3061c5660d1b7c49bd35d03e201fd7933b7b366deh;0;0.642000019550323;0.4;0.0829999968409538
12434;127.328750610352;0;0;316;line_type_c3fa1b166f9c03a6344865a8f5102216db5ff5dab361478f14aa895d8df0b8e0bi;0;0.170000001788139;10;0.111000001430511
12436;134.868576049805;0;0;200;line_type_ebeb146ad19f946995fa063282d663571cf6e897ae5ee48e62410d2b13128ab682ena;0;0.266999989748001;10;0.0949999988079071
12439;68.2353897094727;0;0;170;line_type_ein3efa07bf2d20da7c8ee138d3deff0be5447c57e6ec62e190b3c4997a7b320f53ei;0;0.481000006198883;10;0.248999997973442
12440;38.0761032104492;0;0;170;line_type_ham3e9d5eec84f814ae58214245a4132af066fe9faf9d1ddf00a22f0e66b40a0de4te;0;0.638999998569489;10;0.319999992847443
12441;2.82743334770203;0;0;160;line_type_re9c0d8f2ef978564455d455a7f3f6947ed8c2452b9a6f8a1d445f497b0446426r;0;0.772000014781952;10;0.41100001335144
12442;0;0;0;102;line_type_nta76262c3654e1bd140bb1a477757a21e3e902c79b5d04c7f001eea2eae53fb8bh;0;0.41100001335144;0.4;0.0939999967813492
12443;130.219009399414;0;0;358;line_type_e3724ff346eb69443356dd30db552edc3443ed619b22cc9f05a61fb04c31612e4ee;0;0.162000000476837;10;0.109999999403954
12444;37.950439453125;0;0;210;line_type_e3cbce53e87c9feb7741913d8cf10353d75d12a57acc0809fe59eb393b9f43e8f;0;0.474999994039536;10;0.312000006437302
12445;142.942459106445;0;0;257;line_type_hbtbd326cf448b4b91ab830923db17d0d5ac077c3e66af834f1ea0774ac268642fded;0;0.180999994277954;10;0.0949999988079071
12356;105.463264465332;0;0;200;line_type_b6750a109ed1e4910da46ee66e58618d99f0c6377530e5442d2ff2a159417f601b;0;0.340999990701675;10;0.10700000077486
12357;18.3469009399414;0;0;170;line_type_ri55e2ede5e90c2d55ce3da76fed3738b86dca8b3f2100f57c0bf56269ec67b385g;0;0.742999970912933;10;0.36599999666214
12358;50.4853935241699;0;0;170;line_type_ena6d76a80cd15602aaadfc8a7b5ba9270e0f131657ec9ed5dd1b38f7bd563f251nd;0;0.312000006437302;10;0.174999997019768
12359;3.14159274101257;0;0;350;line_type_arr181ec76f1de8d5ae63f64e5b7bd57e475728af85776fcb7234e9f0217c784aaefd;0;0.305999994277954;10;0.368999987840652
12360;0;0;0;205;line_type_ebIac206bd08cc7fd5f4e0f7ecccac68a45cd528444396852fab9ab1c4af75421acdnilg;0;0.442999988794327;0.4;0.0689999982714653
12361;3.17199993133545;0;0;320;line_type_ld398d9b586ca70853c2b00405ce84399f1dd724012cb469c7c070d059b61e887nbh;0;0.509999990463257;20;0.36599999666214
12362;1.5707963267949;0;0;290;line_type_be1480f162f825724f5793025cd0cfdaead4076bd544f5c5d3c909b77c03aaf06ir;0;0.413;30;0.379
12365;13.2261047363281;0;0;200;line_type_ma2406ad5bdcee23f46abf1659fc336a5d673c6ccc2ba9e2e6beab528bf1641e98b;0;0.49099999666214;10;0.381000012159348
12366;0;0;0;100;line_type_mdm910d5404006b8bc60dc648ae9e53bd2c275c59946d84960e4a26f1b3d9ae426ce;0;0.875999987125397;0.4;0.0829999968409538
12369;0;0;0;118;line_type_et56f9949bdb9999c6dac3316640c3170ae2a9482eda1228ecb6e4019648bdc1cdeb;0;0.879999995231629;0.4;0.0829999968409538
12370;0;0;0;999;line_type_reir332bab8abe43f9723a61e597ede5c0eb3ef7167530cbe33cd5c46ac164f715dcre;0;0.264999985694885;0.4;0
12373;3.14159274101257;0;0;290;line_type_me17cdefab61465c619692d7493dbb71a4bf6bf529345f5283abc7b1591479068lm;0;0.412999987602234;10;0.379000008106232
12375;19.257963180542;0;0;170;line_type_t7d7c54d05401a5feb9340ae984eaa954cd01175bb3e2edab3e940eadd7b572dbbae;0;0.737999975681305;10;0.363999992609024
12376;2.82743334770203;0;0;200;line_type_r0f1528c2897e77b8117febed684cc182c0c40e24a29fb19dffe8102248903935hrbi;0;0.46000000834465;10;0.393999993801117
12377;95.4415817260742;0;0;171;line_type_afe11e257be675079f3d7550a0a82751ff6da43aceb78a4c48a1541c8db3b10d9dnte;0;0.448000013828278;10;0.108999997377396
12379;0;0;0;299;line_type_r407bd71907f991a084d8fbf0e761a1b5a5f03106bde958e7a2636aa7eb392363rei;0;0.264999985694885;0.4;0.0780000016093254
12381;19.1008834838867;0;0;290;line_type_d2262fd3a50513e2db88b8ba2ed3fb71d56a1627ef43d567e40fee43b8a898bc9ebee;0;0.386000007390976;10;0.354000002145767
12383;150.922103881836;0;0;323;line_type_etb6808ee31f867894d3e96390f612157ef133afe7db655526d482a1f40f5a62147ge;0;0.158000007271767;10;0.0930000022053719
12384;5.93761014938354;0;0;290;line_type_eeeIbc2ef865cf5dc147089cf815b6206adf539fd94a0a1d9313e75f4bdc4188ac4d5thi;0;0.407000005245209;10;0.377999991178513
12386;124.31282043457;0;0;323;line_type_en76aae87e58de06d6485af7e9f188c9c18bc9e036b89679843a59f3074f3665ddG;0;0.171000003814697;10;0.112000003457069
12388;79.7964553833008;0;0;320;line_type_Gn83d3d170a2412266eceb318161e7583e7b5148e58bfefa1fc0bc1cf33ac9fb88eti;0;0.210999995470047;10;0.122000001370907
12390;88.5300827026367;0;0;316;line_type_nhb8adbef9d60c80b762cf0a3095617cb42923b31bd2df89f9a1363cdd9674364dnria;0;0.209000006318092;10;0.122000001370907
12391;135.496887207031;0;0;200;line_type_aee6e23862e887da06e740106f4da71b96697c8725492a98b353eaab433cae9e6ddrbdi;0;0.291000008583069;10;0.096000000834465
12392;138.198654174805;0;0;343;line_type_hrnbb8f1345c19ecb2504b445e5b3f75b7f83df6333031e9d2ab096639f1ad9a136ret;0;0.164000004529953;10;0.104000002145767
12393;0;0;0;123;line_type_rhf56dc886d21a5c9b86d2f05fa47918623a29f3f5500d597ec2e94ce33d4ebbb4ege;0;0.86599999666214;0.4;0.0860000029206276
12395;5.90619421005249;0;0;170;line_type_rr5fca207a0155877c52a4a38004f354a455146a9f47bf99c3c3199d98537def26enf;0;0.791000008583069;10;0.386999994516373
12396;144.670349121094;0;0;229;line_type_ee9967c86d55925eb3d9250290cfe722262a8356ed489df7f9d4d1bcbb2d272540ir;0;0.190999999642372;10;0.0949999988079071
12397;122.333618164062;0;0;200;line_type_rer103cd8a6ff2a088bdc37efbf95b6fe7232f0dace978d37945bb771c0ca8eeeb0trdn;0;0.263000011444092;10;0.101999998092651
12400;0;0;0;999;line_type_e994ec2dbb1803c0e40e820b1ba2e596fdb2466e4562eaaff8f95370defec0e15rhe;0;0.875999987125397;0.4;0.0719999969005585
12403;2.82743334770203;0;0;170;line_type_rf70d14933b3bbbbf1e0274833def4bf37a49694e5fbf4a1af65f789991e3235ed;0;0.824000000953674;10;0.40200001001358
12404;0;0;0;274;line_type_r86ed098aaf89691cb2bd4acb0b12cd12b33fab84c172b136ac05a00ce7d94898feebI;0;0.23199999332428;0.4;0.0810000002384186
12406;2.82743334770203;0;0;160;line_type_embf457de731841a6427a77fe01bd185491559e963ace5f14845340ea37984e755n;0;0.601000010967255;10;0.404000014066696
12408;150.011047363281;0;0;296;line_type_hd82bb3f0e8f5947fffbcc8b0709cc3d711988370ab17abe69991fdb0934aa177r;0;0.181999996304512;10;0.090999998152256
12409;0;0;0;119;line_type_tehdb19b299a55ef7db33473b23119513c3ab3766fa6a4980299696467f3e8b9411erm;0;1.03999996185303;0.4;0.0829999968409538
12411;114.856628417969;0;0;323;line_type_nlid2eb743c27980825a2c9c60033c9dd6ad49ba5bc96453a7943d72093918453e0a;0;0.177000001072884;10;0.115000002086163
12413;0;0;0;999;line_type_e8e36d2e40446c0c738065cbaf49c2317c195ebc6044f96f9a24c76a31dfec3a1eaet;0;0.17;10;0.11
12417;120.731407165527;0;0;323;line_type_hdbf616fc0cebe7c6ca1709e7c4d4725bbb3e8fb007ee5cf912161c545f52111dder;0;0.172999992966652;10;0.112999998033047
105;0;0;0;0;line_type_6bc1e973383bd67f_6bc30418529df4b1;0;1.15;0.4;0
12421;39.8982267005904;0;0;320;line_type_eIa714ed42d65d8a08e2adbb7e673f235d23dd93a020e1e5ea1ca04f08d677d65c7rde;0;0.211;30;0.122
12422;2.82743334770203;0;0;200;line_type_ri47775bc51d51bff2531e64c77efcfbe493293cb9f231b9915d2256a0c84df2bcIee;0;0.519999980926514;10;0.40599998831749
12423;0;0;0;144;line_type_r68249bf3910c56391ecf7a9a1041fd3637ad7a3d918c303a419655723af3d145een;0;0.642000019550323;0.4;0.0829999968409538
12427;33.9920310974121;0;0;170;line_type_3fd9a43e34d9c8d84906f2cda50e3d93e631f8f30ba8f6a07ba54905a1a46680dhn;0;0.488999992609024;10;0.254000008106232
12428;0;0;0;123;line_type_iird6031fc0ac9d817215ed00a9569b515c916382e586a0aebfc1e1587d551ece32tg;0;0.875999987125397;0.4;0.0829999968409538
12431;7.57123851776123;0;0;200;line_type_6d44a2a5cba2b7e16ea684626973c28d3fdf1566c4b4c5044836905064a18efcaieie;0;0.40599998831749;10;0.372999995946884
12432;0;0;0;999;line_type_r43748e4c99505992c61f483ace3f5b98b410a66b96f2f4ce0a312517949b45aaaer;0;0.642000019550323;0.4;0.105999998748302
114;0;0;0;0;line_type_49f11d91310a8e5c_4a069c17f36f7f17;0;0.83;0.4;0.35
12435;142.722549438477;0;0;296;line_type_gngf87f6abc02e080178a54e71f1d0efea7cbf6a3b06e5f5ece6828331413b6e5f1elnbe;0;0.190999999642372;10;0.0949999988079071
12437;0;0;0;999;line_type_tn991c7d1a844ced3488837034da7f5fc9fdae54d917dff6c266e26c5e102002f4tnfe;0;0.444000005722046;0.4;0.0869999974966049
12438;0;0;0;132;line_type_ne61d971eaf0618dcd5433c8f9e4a60460be5bec7b832284968cf3dcb1f32885a4aee;0;0.875999987125397;0.4;0.0719999969005585
12451;0;0;0;68;line_type_ge7e050d55a6c2c40501119637e759d15bf23b9ed1ceee49bd1acae00a46be746deld;0;3.02999997138977;0.4;0.0939999967813492
12452;3.22012996673584;0;0;270;line_type_ef8644b88f6dc3b8993fa9eafd58eff0d581573e0d181a932a161c0fe125355336ebie;0;0.49099999666214;0.400000005960464;0.36599999666214
12453;35.6570766182442;0;0;423;line_type_ebc5b20079375b9f9a253a66f48f19aa2b4a86eceb2c0b0fb4884dca77fcf9a47ega;0;0.13;30;0.12
12454;0;0;0;99;line_type_ri2079486dd2a7930fcbb738f62ed6731f47343d2fe9839312793a086ee747900eiem;0;1.44000005722046;0.4;0.0829999968409538
12455;119.380523681641;0;0;200;line_type_anlire85fd598b59eacfc9fb89bbbf11ae013a1cf572cd2ff4c4b743e895035b0909a7nth;0;0.381000012159348;10;0.100000001490116
12456;126.292022705078;0;0;610;line_type_I04748687ef07343c879e009c00963660764797c682b4462cb059872886f97ed4a;0;0.068000003695488;10;0.103000000119209
12457;97.6407012939453;0;0;170;line_type_mmba8908b8970d472d3fd4219bdda46a4b04f4d96e95bc4c8b6eec042a6013818c0nr;0;0.31700000166893;10;0.164000004529953
12458;0;0;0;999;line_type_ib676fb4c021923b93531a91b97e62f57c31db3f650ea28afcf43649ff268bfc8ahe;0;0.165999993681908;0.4;0.0869999974966049
12459;0;0;0;305;line_type_Genec1e0b633bf20fa52e3a0483bd8cae6b647d5536e087448177f34eedbdc18d278hebn;0;0.264999985694885;0.4;0.0780000016093254
12460;34.2433586120605;0;0;170;line_type_r010c9d9589124fbdd8e8e76638a0c2560cf94d061b8edbd101b7a092a7e82459ai;0;0.658999979496002;10;0.328999996185303
12461;74.8013229370117;0;0;200;line_type_bef966132dccde0f80487e578fe916e5123cb81cddc38a3b4044f0aad0e82f5bd56rlig;0;0.252999991178513;10;0.123000003397465
12462;0;0;0;80;line_type_eed0a6f2f8ff5b01dfbbd0c3f22bbad0eebcb8b57ac9df59ab81b80fe99a39afba0d;0;1.76999998092651;0.4;0.0979999974370003
12464;137.601760864258;0;0;200;line_type_rd5c0e6711bc7fed9e80eb25aca5c43cc1e07222d43f8b83fc4c3532a67c277ae;0;0.256999999284744;10;0.0949999988079071
12465;131.946884155273;0;0;358;line_type_badd5c9a8e86b7ca9a509692b7f8e31d953a2d4a82b16a68336e92bb300e42518ne;0;0.158000007271767;10;0.109999999403954
12476;0;0;0;211;line_type_re679e4a2de6ed958b8d2e8086748db75ad4331aea98cb00050d2e20efbe7ccfc0tbe;0;0.319000005722046;0.4;0.068000003695488
12478;86.2052993774414;0;0;200;line_type_t845759d5416d3bf4b655ecd29ceda0a8414105135b0b64f0b840c88d6c1b9848eibh;0;0.196999996900558;10;0.126000002026558
12480;93.1796417236328;0;0;323;line_type_ge152766905c397bf08fe08eb4685618c2648622f4ef75550a64a792d2f50d2ceeeaf;0;0.189999997615814;10;0.120999999344349
12483;42.4429168701172;0;0;170;line_type_ibb55763a6aeb5ea0bc5bcd42a8231fb346bd8981bc3528bb4c61f97317c65ae33ebn;0;0.654999971389771;10;0.293999999761581
12484;3.01592898368835;0;0;290;line_type_bn4e6a398c5a162c3fbf0d131dfeb63428beaa2fde0f35a41feb55b21c46280eb6ar;0;0.412999987602234;10;0.389999985694885
12485;119.788925170898;0;0;200;line_type_trrc25ba2132ae401e61480a3cf3c14c7e40fb90d31326615130f9bf34e1cfb9c38lInt;0;0.370999991893768;10;0.101000003516674
12491;15.8336267471313;0;0;200;line_type_bf15a8d3242a3b6c4a77c8c4db39b4a91c7550657a67c620d96d01c04a0dfd8e3bna;0;0.483000010251999;10;0.375
12492;2.82743334770203;0;0;170;line_type_g865f4714872cb6e6bffed3fda906e1339cfcf4fbbeaf2d0e7cdf9c7d02676f69lete;0;0.535000026226044;10;0.389999985694885
12494;0;0;0;999;line_type_tiba88b71712421d3d6a4942c1161ba64714321a1e5cfbb8aef455a3aded954aa09ee;0;0.526000022888184;0.4;0.0829999968409538
12496;128.145568847656;0;0;294;line_type_ineea5f5ec50af85323a64431902e91dd11ca45a2ffddb2153bf1525de3faa5b0234i;0;0.175999999046326;10;0.104000002145767
12498;17.1845111846924;0;0;200;line_type_t87d224778be2a989b4a65ea47a21e1946f25135358bb0e41a8db3b696977f64dnbg;0;0.407000005245209;10;0.349999994039536
12500;122.522109985352;0;0;200;line_type_lgi27f3492e819bac8b5a7ca1778bd7c481969977d00b2e3fe5c1984f79680dd408daf;0;0.300000011920929;10;0.104000002145767
12502;63.1774291992188;0;0;323;line_type_eee9ea14e73735979cc0bd6b0521f769e8d9595ba7a185b8173931f6c8c9eb0f16at;0;0.208000004291534;10;0.12899999320507
12505;113.568572998047;0;0;323;line_type_nrr251c5d6c953eea8fb6cb01f666390cfb315c9b853a64d3f47f209b8b65491397t;0;0.177000001072884;10;0.115000002086163
12509;0;0;0;105;line_type_a81a59e0bc10be39f1eb2deb7ddc9c827b4d32dc37d17913bddf051b8b6af1e9ing;0;1.14100003242493;0.4;0.0989999994635582
12511;8.32522010803223;0;0;290;line_type_id0192fc4740e0b05f8a58ca8cb5a8d24f9a85efc622938ad1a5e1989358b7e257nr;0;0.40200001001358;10;0.372999995946884
12512;117.903968811035;0;0;315;line_type_39d493b20f4083828f34b002eba8c93e1f65d5413441a6dc932eb497de03cb56bdr;0;0.209000006318092;10;0.122000001370907
12514;122.176536560059;0;0;200;line_type_d46ccf45aaa4f3375e78b203205e685b2e11a9c02f2294bcce0de506c647d9963fn;0;0.308999985456467;10;0.104000002145767
12517;192.453964233398;0;0;358;line_type_0149c7971d68bdb94b388d708072fae4c278c0c931d6df7f48eb343b8d5a569aee;0;0.068000003695488;10;0.096000000834465
12518;0;0;0;999;line_type_ri74d141d8d5de778ae72197e47f2d63c721424c5f4da15cf3c6bf147940ab56fbbt;0;1.17999994754791;0.4;0.370000004768372
12521;0;0;0;270;line_type_ig4d35de5a8511a8b7783f8e15dea8031295e1a9df149d8e7c9ad292feb5bf2474b;0;0.202000007033348;0.4;0.0780000016093254
12523;52.4017639160156;0;0;290;line_type_gd682c68d9dd43d11cdc4df0315598badc0f448adfd35baf354e7fc0fb704d115b;0;0.316000014543533;10;0.275999993085861
12526;63.083179473877;0;0;170;line_type_bbd3d378c89d7e61f137a1ab28bc0ebd37bbef35c1fc3d7358a58753d7ab176d9lrd;0;0.591000020503998;10;0.246999993920326
12528;0;0;0;228;line_type_ricf59c5387560db6978219f5442ae6622121fad0ba6b74e7e9a058a60e4f39600ened;0;0.321000009775162;0.4;0.0820000022649765
12529;119.034942626953;0;0;200;line_type_ei3543c6656d8791a2e62356f8a0da1035d8f6ff24c488bdbdcfd609db7f4221e3bb;0;0.375;10;0.100000001490116
12530;190.003524780273;0;0;500;line_type_nebbf929fba5744983db5241b8610d02ccef0f746ed9de1d2fe52df6ae9741c35dene;0;0.0599999986588955;10;0.0900000035762787
12531;0;0;0;320;line_type_eabra2ad0f964730e217c7b7f200d4dc6b8e95dec9a01cbd1129d4ebb4a727a2e3fdlhmi;0;0.166999995708466;0.4;0.0850000008940697
115;12.7548661735746;0;0;290;line_type_05566024-S-K-LT-00102;0;0.398;10;0.365
12446;0;0;0;224;line_type_8b462f64e5a85ce6c12e295b89eb118d9a8a44212bf70b385019d2f3a22d45beger;0;0.319000005722046;0.4;0.0780000016093254
12447;32.2641563415527;0;0;170;line_type_ahgb919d7155f50335fd1ee43c482417b0f4e364ebd446b68e64ce5a25c20a3a1b4nb;0;0.669000029563904;10;0.333000004291534
12448;0;0;0;215;line_type_ngbae27656c1da9898889e480918ddd714c67a36d9070334b0eb1180fa14dcbabb1c3a;0;0.875999987125397;0.4;0.0829999968409538
12449;68.8008804321289;0;0;323;line_type_ec8ac12e3f271255df57c60f877668b6bd7deb90a5bbaa976c554d5b09a9401b7an;0;0.204999998211861;10;0.128000006079674
12450;118.595123291016;0;0;200;line_type_ebde4938b23312532972884dde4621f853183cb90139c37a4c3546c10eaaaa4a75ebte;0;0.308999985456467;10;0.105999998748302
12463;118.68936920166;0;0;200;line_type_l5ef6e4eac9273df9f994504ed1298520c39c88621faacc0a5dcaaba2ee691feaer;0;0.317999988794327;10;0.104999996721745
12466;127.957069396973;0;0;294;line_type_nh5726e446d5a48e4075ea790b587ff34b45a49aad9421a18c61d9f3f1171bda93i;0;0.17399999499321;10;0.105999998748302
12467;153.40397644043;0;0;343;line_type_bb355387a1b42c6853c66c726a42e4031ad4dc3f6e3db0a0a37a0eb7c45382390ete;0;0.156000003218651;10;0.0939999967813492
12468;32.609733581543;0;0;290;line_type_erc2e74af6f047db60e403440f0fed617be2db50cde11f0bf40f1e3ae13063d322n;0;0.361000001430511;10;0.31700000166893
12469;113.09733581543;0;0;316;line_type_alGeb1a02abd0a5f6a5f3033c9eadd70a7e554cea4295df12153ff108e6aa332fb8e;0;0.206000000238419;10;0.119000002741814
12470;2.82743334770203;0;0;210;line_type_eennr76ef1a3cd476ce653c40e0f5c9c177ac4be3598029f0cdb9f4a3ac39f976b4d5e;0;0.439000010490417;10;0.386000007390976
12471;130.438934326172;0;0;323;line_type_die78cef181e440e2e97c6ca74d7e0b73b6d311e79d0e670e386e0893d70c113779t;0;0.168999999761581;10;0.103000000119209
12472;116.99291229248;0;0;290;line_type_n08d9fe185532e4bbb868ffc8e72ed9af4458821add80ff3ec8093621a52753a1g;0;0.189999997615814;10;0.13400000333786
12473;146.429626464844;0;0;296;line_type_ic0d2fdc26869d768b53d241598fd5406c2c17758c58fc5cd34c04b2273a1eb6erm;0;0.19200000166893;10;0.0920000001788139
12474;141.088928222656;0;0;343;line_type_brd7cb48022ad91ad0aefc4dee943fd3b33dcd68996cca898bd7db5a4908d2d6a6n;0;0.162000000476837;10;0.101999998092651
12475;120.385833740234;0;0;200;line_type_eeh4792a2f894f0f68c8b39910aab922c399773ff9a288b08431dd3b8ace481e744eh;0;0.354999989271164;10;0.101000003516674
12477;144.796005249023;0;0;296;line_type_agne6c87520b580b51c42a2038c31dd423ed5cab2e9b0b6306dae551a8c35a2dbd0beim;0;0.196999996900558;10;0.0920000001788139
12479;40.1495552062988;0;0;170;line_type_tbh95c48db24deb08459f583d89bb92441b2820c74c026a6aab4dad09b9ccc8297aebf;0;0.628000020980835;10;0.314999997615814
12481;114.888046264648;0;0;200;line_type_ndt3f6cd39368a9803b5b519f210097736b7c65504f3757c12f80ca9ca91847c2d3edd;0;0.368000000715256;10;0.101999998092651
12482;95.6614990234375;0;0;323;line_type_ted6865218c41733f8a0659628b8e7707820ff6bc8d7c0c29b064630248508a227cbnre;0;0.187999993562698;10;0.119999997317791
12486;99.6513214111328;0;0;323;line_type_rea6a7dfda7f784dc366bc457312bbf79a29b59cf8ded71903d6617e3180529dccnbnn;0;0.186000004410744;10;0.119000002741814
12487;60.0044212341309;0;0;323;line_type_ia3607f7b3e6cc395b769fc00653b561bbd73e7a9651512bc326881481168c4cbn;0;0.209999993443489;10;0.129999995231628
12488;0;0;0;999;line_type_nf74312d27b1b724abc93c764cf3a91ef21a5fc4af6877018429b29e5e7430f5ai;0;1.20099997520447;0.4;0.0839999988675117
12490;110.552642822266;0;0;323;line_type_c8b1cc0a25003b777eb15bbcadba9650f1dd416594bb7845f1b909c9b4368a6fel;0;0.179000005125999;10;0.11599999666214
12493;152.084503173828;0;0;343;line_type_niIdc3b8e8e0ecd3d7db5c1294da9fd2b715ce89d9c405c49e0197c17811bde40f7ndl;0;0.151999995112419;10;0.0949999988079071
12495;0;0;0;145;line_type_eehe75fd553dfc76c785dc62153b5d64cbc679d91bbd3347de07da3c81836b8186ebennI;0;1.11000001430511;0.4;0.319999992847443
12497;105.620346069336;0;0;171;line_type_ntr894f1fe6a2110a346038006c1bc486c69830be40a789c33e02dbde4483147ed3ht;0;0.368000000715256;10;0.104999996721745
12499;0;0;0;123;line_type_Ima47b6b5b1ef0570fb58896d4c63c89e04d4adaf16d36939c54c95bd4483a92der;0;1.14999997615814;0.4;0.0860000029206276
12503;0;0;0;999;line_type_de8dc6ec1b22f402670c877d17314c8bb23cbb7e1bf57dfef8342c267164eb8f70rn;0;0.270999997854233;0.4;0.0850000008940697
12504;60.9783134460449;0;0;323;line_type_ddff09f3c15a589d05cd20ea644c6aa6f2b8d9eedaecc581f076845fb30b7330a68biea;0;0.209000006318092;10;0.129999995231628
12506;0;0;0;999;line_type_erfd8f2564cbddece3672823c51e5520e68a6389ee7c658cd7b1859abf647d682e4;0;0.321000009775162;0.4;0.0860000029206276
12507;0;0;0;999;line_type_herncc17215c386088af79d9d76abc3fc4b1364aee866e72d2a82c53f8bb16ba78bcdnr;0;0.388999998569489;0.4;0.0829999968409538
12508;121.202644348145;0;0;200;line_type_r33dbd652241436c1d3e62e5c840c9e040becadce4d7e2fe54450fd1ccba8a087a;0;0.333000004291534;10;0.101999998092651
12510;0;0;0;98;line_type_eG698e4f714fd2d9a4add6995fc159e78f2913a70d338c21a9f9d13c8e64cb9edfn;0;1.37999999523163;0.4;0
12513;0;0;0;270;line_type_eel6f2c88e3e688158e3f881998636b27980c5f8575163eff4bcfb9353d18a41830e;0;0.209999993443489;0.4;0.0670000016689301
12515;69.1150360107422;0;0;414;line_type_ld4ea850ea31061c11c6dcd5474097c621a390555f156aee04e21e3c738c8f018ni;0;0.129999995231628;10;0.119999997317791
106;0;0;0;0;line_type_6ba37987b9c61997_6ba375e32a3bb20b;0;1.18;0.4;0.37
12516;0;0;0;119;line_type_nd15a371180b3b4ca8460ca0a62d889a3a014fea473b76245497d76a614a3cb0fenaet;0;0.642000019550323;0.4;0.0829999968409538
12519;0.01;0;0;10000;line_type_dt7cbe688a6dda1719d336ed1ead196de6137180f14d247de318ed6093f9723796aet;0;0.0005;380;1e-05
12520;1.5707963267949;0;0;410;line_type_tabb04a9d5579b0fdac7c8722fe3366cf55cc6194eddd11e032a1bc764103263bd43;0;0.237;30;0.361
12522;0;0;0;75;line_type_rgee58f4d22b3e30979262455758fafb6a578cf085d1ff98fb46fe4f1c7865a5075cr;0;2.19000005722046;0.4;0.0949999988079071
12524;26.1694660186768;0;0;170;line_type_gr41662befb3a06170b0ba1f86d24bd053e37e7d947e5c8be2cabaf2c044e80276tr;0;0.727999985218048;10;0.33899998664856
12525;2.82743334770203;0;0;290;line_type_7f383f18dd89cd2a7d0b33469cfab2c8ab6e921b9af3d846b8af7c9f31361477rdnb;0;0.412999987602234;10;0.384999990463257
12527;28.8712368011475;0;0;210;line_type_er393730ef004f40a6d5f1920c32f98461040faae601cb3bbdd1ba87f203045b68ltr;0;0.505999982357025;10;0.333000004291534
12532;0;0;0;353;line_type_dGdd6c434a6333c762abf6f185dd4732c348c77a1ae8bd4fe4724fbcfd1fa1995bfera;0;0.125;0.4;0.0799999982118607
12533;0;0;0;218;line_type_aee5ceac60eb08d718572096416be8796dbb3accb39149a88b13503f7392d3cf68eeta;0;0.321000009775162;0.4;0.0860000029206276
12534;0;0;0;79;line_type_ril90c28ec3956aa4cd95d3aaa8da20780041cc87db9387e301870d953d9f83c4d6I;0;1.89100003242493;0.4;0.0989999994635582
12535;77.9429168701172;0;0;290;line_type_lgcace4c5d87d0c8a0934ab0f348263a8d28d6077ed936de5ccffe1a658f4760e8tar;0;0.266000002622604;10;0.219999998807907
12536;1.39800873084746;0;0;680;line_type_Ge7534a6b61785f3b657609ce999f31141d89813c7beb4c485f3cbd3e780612c17er;0;0.1094;110;0.4
12537;147.529190063477;0;0;343;line_type_nrt3ee67f14a9dbfbb954f5feb50d889fe47ced461e9a3ba13fab7e81ba2e4a7357iina;0;0.158999994397163;10;0.0979999974370003
12538;120.542907714844;0;0;315;line_type_en6b5944d4b66c48ff3e247e3fb27d92364d123fb2e2bd43f12bc3e1db08d6b34chaeee;0;0.197999998927116;10;0.119000002741814
12539;0;0;0;999;line_type_eneeh14bd2c44e8ea89a831eef4839d47d82b89cc08f0f2a6ebcd5c7c8d5dde82e368n;0;0.555000007152557;0.4;0.300000011920929
12540;23.4048652648926;0;0;170;line_type_hhab4f29a8852c0f32ec427999e3e2a8ceafe9e14b3272be0ab7c8623746609f41Ieb;0;0.716000020503998;10;0.354000002145767
12541;0;0;0;270;line_type_ea4701c326119c0aeca423fc4d244b580df2c39fcc48c3ae29c4e8de49e60fdb0r;0;0.437000006437302;0.4;0.175999999046326
12542;0;0;0;999;line_type_neeb0e5195f1140ad67a7de1f30f2c55bc6689b04a2ac661106619a93c1d8398ffaI;0;0.166999995708466;0.4;0.0829999968409538
12550;0;0;0;999;line_type_eead31dcf588c96c2b285b21b1a5763f6bc55bbad1127475348eb07ec78b1b072abt;0;0.829999983310699;0.4;0.349999994039536
12551;62.3920288085938;0;0;323;line_type_c076bd056980a444ccd5100e2da4e32a2687241c1d3b3705d513b0d362d78bfce;0;0.209000006318092;10;0.12899999320507
12552;4.68097305297852;0;0;290;line_type_bie51db39224f83ca4a2df71631c86c21be167003fd2b0aecbcdfa18d864961fee8ell;0;0.40599998831749;10;0.377000004053116
12553;2.82743334770203;0;0;250;line_type_ei64efb3cc80f839d28185acf1dc1e1cc953a843f901fc8ce610954694be7e67fbbbbh;0;0.368999987840652;10;0.395000010728836
12554;42.6314125061035;0;0;170;line_type_ibbe1c7f0d9c4ae501b67187e98b3deaed5025938438eafac6a96ffd635fb88233d;0;0.615000009536743;10;0.308999985456467
12555;10.7756624221802;0;0;250;line_type_t11beec96c1a7d115756e399febf3771619b8c50a6f4b9f5095e5d4841ca2bd62ib;0;0.347000002861023;10;0.358000010251999
12556;192.579635620117;0;0;603;line_type_bg41cb03ee1c71333add2246a29a23f717894832e3786cfe97d6e4cae641324066teer;0;0.0689999982714653;10;0.096000000834465
12558;108.824768066406;0;0;323;line_type_eeb2bbb5b38e4f00ac41f02f3175e32165d56fc016e3b0dbb76043fc12bcc1d75Gn;0;0.180000007152557;10;0.11599999666214
12562;107.630966186523;0;0;200;line_type_rb3d146842da024afa583a3fd8cd2a2285d1a10f505825655cc9308719aaea72brli;0;0.239999994635582;10;0.112999998033047
12564;139.486709594727;0;0;296;line_type_rcf73ae28ccdd859ebf84935a1f426e672461c1467041375ad8ad61b93b5b2728e;0;0.187000006437302;10;0.0979999974370003
12566;120.071670532227;0;0;200;line_type_f4683adf3392d5a46a0427514e9f1739e9a9fe3aef7b7110df89d12527f5850cbenm;0;0.363000005483627;10;0.101000003516674
12569;0;0;0;999;line_type_hb18f2865adf2f2edce1cbcd84c6b6191edb45a80a3e6c323129f953d05933c6bttnr;0;0.523999989032745;0.4;0.349999994039536
12543;8.92212295532227;0;0;160;line_type_e07db45522d346e274e98f22455503b59660073066d3f5e0ae09852f5878af36ee;0;0.43299999833107;10;0.360000014305115
12544;17.7499980926514;0;0;170;line_type_ib116cf63866e743ead499ad3c563e9a982f6434a81cbc9f94c6a781fe2522763fbi;0;0.745999991893768;10;0.367000013589859
12545;3.11992001533508;0;0;118;line_type_andcc249715d5949c38d1fa6f98b54a16040732e4f1605da3930e388aa88f6181fee;0;1.32000005245209;0.400000005960464;0.36599999666214
12546;21.6141567230225;0;0;290;line_type_berhieca12dac802d4caf3a40b0b7ed542679b8e573cc06e296dace53e2ddcdc693d2iImb;0;0.381000012159348;10;0.349000006914139
12547;118.815032958984;0;0;316;line_type_aeb57a0d4649ff220bfb04509d127c530d5859163f4b3b0bece28db77e71528200e;0;0.204999998211861;10;0.114000000059605
12549;120.542907714844;0;0;200;line_type_nbb68e71d396242c608ca68009a790488a0ecab949648326e9697fddf04ad920abng;0;0.351000010967255;10;0.101999998092651
12557;141.937149047852;0;0;358;line_type_teebb7a5b18f5df1e0ae93e78c12f3726fddaaca37c7d4b60d2d931944e1f8a00dedI;0;0.133000001311302;10;0.105999998748302
12559;94.2477798461914;0;0;171;line_type_neeba9c69fd8748f9f92db2cec389d1a9d44fd01dc7222953169dc1ab88c3a31c97r;0;0.458000004291534;10;0.108999997377396
12561;127.360168457031;0;0;200;line_type_iaf84f43cb5153fc870d150a8083b899ab76b85698cee48e4ccc0474ac5440cec2ndG;0;0.33500000834465;10;0.0979999974370003
12563;191.636993408203;0;0;300;line_type_rlr23419003c3a2d62c93e0cc8cfea736a843ddfb0b026f7cda9c515e08a81ff4d8edt;0;0.207000002264977;0.400000005960464;0.0691149979829788
12565;103.452644348145;0;0;170;line_type_ehit9e84bc2353ea91de2416c2bb9f417572005a4d3f3f4df191e883cf0739ba05bbe;0;0.294999986886978;10;0.166999995708466
12567;76.1207885742188;0;0;414;line_type_dhebbe1e894de538f989ae9bd16b2233ec856edb91be8690a1be0443d53a16061aftrb;0;0.129999995231628;10;0.119000002741814
12568;114.825210571289;0;0;200;line_type_elfbe352782122f2d48d340e5e17c6c945fb4920bc18ee4a409838331804c93676heee;0;0.298000007867813;10;0.10700000077486
102;0;0;0;0;line_type_6d2d5b033d51f20e_6d2daf577d123afc;0;0.265;0.4;0
103;0;0;0;0;line_type_75a3acf76ae5e35e_75083af5e9fb3500;0;0.876;0.4;0.083
107;0;0;0;0;line_type_7ea84f4f5808124c_6d2c0c9974d0c926;0;0.876;0.4;0.072
108;0;0;0;0;line_type_633a18e4b02bf8fd_4c7a0ea2dddd63d9;0;0.524;0.4;0.35
109;0;0;0;0;line_type_6d2dac16297b2522_6d2daf577d123afc;0;0.866;0.4;0.086
110;0;0;0;0;line_type_7c2d2ee25c5c249b_7c221c5d4104ad7b;0;0.389;0.4;0.083
111;0;0;0;0;line_type_5329e570c38219fa_533f744c82676554;0;0.526;0.4;0.083
112;0;0;0;0;line_type_51c7baa2fa80b65f_5104458aa9e06473;0;1.11;0.4;0.32
116;0;0;0;0;line_type_45b63b1a587a9e54_4ec5048a8badcfb0;0;0.642;0.4;0.106
117;0;0;0;0;line_type_6d13dc87917c3ca3_7126b20180500cce;0;0.321;0.4;0.086
118;0;0;0;0;line_type_6d4d716d3baaf379_6d4d76f6ccd21e02;0;0.444;0.4;0.087
119;0;0;0;0;line_type_6d549436dc4528dc_6d4d1f48c863e541;0;0.443;0.4;0.069
120;95.7557440814169;0;0;200;line_type_05554052-S-K-LT-00262;0;0.308;10;0.112
121;127.265918396923;0;0;323;line_type_05554052-S-K-LT-00263;0;0.169;10;0.111
122;0;0;0;0;line_type_6d2d809c141e5562_6d2d8ca4ef856e71;0;0.555;0.4;0.3
123;0;0;0;0;line_type_773f733a2f90de44_5424548eaef67000;0;0.167;0.4;0.083
124;0;0;0;0;line_type_60cdad0c0f6e7129_60ce970f5d2c0ca0;0;0.321;0.4;0.082
