uuid;tid;x_coord;y_coord;id;in_operation;is_slack;operates_from;operates_until;scenario;subnet;v_rated;v_target;volt_lvl
f9822db6-d01c-3b71-bf9c-bd6ea1e56fda;12121;;;NS_NET116_S2_1;t;f;;;;116;0.400000005960464;1;NS
014791c0-a821-3b1c-8028-05d06790732a;12122;;;NS_NET116_S2_2;t;f;;;;116;0.400000005960464;1;NS
5c287d22-6831-3406-89a0-48192c11c0ee;12123;;;NS_NET116_S2_3;t;f;;;;116;0.400000005960464;1;NS
fee1ff56-d07b-31f0-b6a2-c9945a4c307e;12124;;;NS_NET116_S2_4;t;f;;;;116;0.400000005960464;1;NS
f4847b7f-e37c-31e2-8322-42091d145941;12125;;;NS_NET116_S2_5;t;f;;;;116;0.400000005960464;1;NS
5e7502ab-c3f1-3735-badd-76d2af149435;12126;;;NS_NET116_S3_1;t;f;;;;116;0.400000005960464;1;NS
e40d5df8-11d1-350a-9f15-78a7d6b7520e;12128;;;NS_NET116_S3_3;t;f;;;;116;0.400000005960464;1;NS
8220192c-29e0-3ed2-b57c-5794f4566c80;12129;;;NS_NET116_S3_4;t;f;;;;116;0.400000005960464;1;NS
1c3a3da3-a7bd-3fe0-be9e-adc55d43086f;12247;;;NS_NET126_ONS;t;f;;;;126;0.400000005960464;1;NS
072efc2c-ae0d-3212-aeb0-5a3ad971db5b;12248;;;NS_NET136_ONS;t;f;;;;136;0.400000005960464;1;NS
b32d452c-092a-32d7-989c-b82a5e6c02a4;12380;;;NS_NET146_ONS;t;f;;;;146;0.400000005960464;1;NS
38c608bf-9f95-32e2-8ddb-0dfe3ea329c4;12130;;;NS_NET116_S3_5;t;f;;;;116;0.400000005960464;1;NS
6df4abed-e299-3313-b94e-cfc4bbf4d72d;12134;;;NS_NET126_F1_(12);t;f;;;;126;0.400000005960464;1;NS
988c367e-bf3d-345f-ade2-9a25deeb77a3;12135;;;NS_NET126_F1_(13);t;f;;;;126;0.400000005960464;1;NS
1822acfb-a428-3f4d-aa5c-3808e996ac26;12136;;;NS_NET126_F1_(14);t;f;;;;126;0.400000005960464;1;NS
34345aab-93a3-32ff-bb5a-7eff9487fe30;12138;;;NS_NET126_F1_(16);t;f;;;;126;0.400000005960464;1;NS
ba627229-5d07-368b-8f52-a3837a9c23e5;12139;;;NS_NET126_F1_(17);t;f;;;;126;0.400000005960464;1;NS
c3ee9bc4-7d46-3d8e-a313-a45332729e20;12141;;;NS_NET126_F1_(19);t;f;;;;126;0.400000005960464;1;NS
da05fe64-b30a-3031-9323-e17d2e84ffc4;12142;;;NS_NET126_F1_(2);t;f;;;;126;0.400000005960464;1;NS
7340ec49-cab1-3422-b21e-a81a318f2c61;12145;;;NS_NET126_F1_(22);t;f;;;;126;0.400000005960464;1;NS
b5b6dfcf-42a7-3b1b-811e-f99ce44d9a53;12146;;;NS_NET126_F1_(23);t;f;;;;126;0.400000005960464;1;NS
85fbfc6b-63d3-349e-bb1f-d750324c7a03;12147;;;NS_NET126_F1_(24);t;f;;;;126;0.400000005960464;1;NS
3fe6942a-0076-3a39-9864-826a4d81672e;12150;;;NS_NET126_F1_(27);t;f;;;;126;0.400000005960464;1;NS
61dbd0f6-31ca-3518-bd19-e752e950e23b;12151;;;NS_NET126_F1_(28);t;f;;;;126;0.400000005960464;1;NS
9893cf40-15f0-389b-9e06-ada066f0095d;12153;;;NS_NET126_F1_(3);t;f;;;;126;0.400000005960464;1;NS
bd68024f-2ed9-3323-82d8-a1c77c089c12;12154;;;NS_NET126_F1_(30);t;f;;;;126;0.400000005960464;1;NS
2a36e0f4-e7e0-3fbf-83dd-daaa52b20277;12155;;;NS_NET126_F1_(31);t;f;;;;126;0.400000005960464;1;NS
57264fcf-b4ad-3d44-8f2b-94c83b4ab3c4;12156;;;NS_NET126_F1_(32);t;f;;;;126;0.400000005960464;1;NS
4a6a6017-30f6-37e4-a22f-5899d5f964f6;12158;;;NS_NET126_F1_(34);t;f;;;;126;0.400000005960464;1;NS
28548655-fa2f-3c83-af41-10a6c1ccffd8;12160;;;NS_NET126_F1_(36);t;f;;;;126;0.400000005960464;1;NS
356d9c67-4c53-3496-926e-57e3fa738c58;12161;;;NS_NET126_F1_(37);t;f;;;;126;0.400000005960464;1;NS
af04fc1c-680f-371d-a613-73cec827773e;12162;;;NS_NET126_F1_(38);t;f;;;;126;0.400000005960464;1;NS
f28968bd-14b3-374a-9476-02da3630a32c;12166;;;NS_NET126_F1_(6);t;f;;;;126;0.400000005960464;1;NS
959727f8-1274-361d-ac3d-aa1c929d4e79;12167;;;NS_NET126_F1_(7);t;f;;;;126;0.400000005960464;1;NS
9b38fdd2-d349-3aa3-819a-53899550580c;12168;;;NS_NET126_F1_(8);t;f;;;;126;0.400000005960464;1;NS
b4eeab74-9499-33c4-8e6c-384ba2b4cffb;12169;;;NS_NET126_F1_(9);t;f;;;;126;0.400000005960464;1;NS
3d56a423-fab2-37d6-b66b-e7e1f671703e;12171;;;NS_NET126_F2_(10);t;f;;;;126;0.400000005960464;1;NS
fd98c451-0d8c-3377-a1e7-cad2bb91f110;12174;;;NS_NET126_F2_(13);t;f;;;;126;0.400000005960464;1;NS
3e872a17-862f-391f-90cf-bedfffb636a9;12175;;;NS_NET126_F2_(14);t;f;;;;126;0.400000005960464;1;NS
f86a1ad8-9e0f-3a6f-9d0d-9cdb73a4f800;12176;;;NS_NET126_F2_(15);t;f;;;;126;0.400000005960464;1;NS
b2c765a8-0b84-3dba-91d2-97e731564665;12180;;;NS_NET126_F2_(19);t;f;;;;126;0.400000005960464;1;NS
f6188dd8-172c-333b-8eae-8050e4d5d43f;12181;;;NS_NET126_F2_(2);t;f;;;;126;0.400000005960464;1;NS
5c96cb9b-429e-36cf-8ff9-4c743ddafedf;12184;;;NS_NET126_F2_(22);t;f;;;;126;0.400000005960464;1;NS
d1004d9a-317f-31b0-b9f6-7358a3481f51;12185;;;NS_NET126_F2_(23);t;f;;;;126;0.400000005960464;1;NS
9c993124-3a33-3f2c-9091-33c5c11bf21f;12187;;;NS_NET126_F2_(25);t;f;;;;126;0.400000005960464;1;NS
8570fd9d-7876-3485-8ac2-0a6a43fd7afd;12195;;;NS_NET126_F2_(7);t;f;;;;126;0.400000005960464;1;NS
ed46ef31-2b6b-3183-8ccb-b9337bdc084c;12197;;;NS_NET126_F2_(9);t;f;;;;126;0.400000005960464;1;NS
848253bc-939f-3caa-bad9-807b679d1e73;12205;;;NS_NET126_F3_(16);t;f;;;;126;0.400000005960464;1;NS
9ac4e8eb-27d0-3cfc-8700-7746414f5571;12206;;;NS_NET126_F3_(17);t;f;;;;126;0.400000005960464;1;NS
f46d9bb8-76b9-332c-bfa7-32f18c4fa95d;12211;;;NS_NET126_F3_(21);t;f;;;;126;0.400000005960464;1;NS
248ec5fe-6c3f-3cce-ab47-d0b83db2fdab;12215;;;NS_NET126_F3_(25);t;f;;;;126;0.400000005960464;1;NS
6e0a8463-7ca0-32e1-874f-608fcfcb29b1;12216;;;NS_NET126_F3_(26);t;f;;;;126;0.400000005960464;1;NS
de0d5423-5eb9-3ee4-9034-47858fd6fe93;12218;;;NS_NET126_F3_(28);t;f;;;;126;0.400000005960464;1;NS
56056932-ac7c-3807-b4eb-daf3a6727ced;12225;;;NS_NET126_F3_(5);t;f;;;;126;0.400000005960464;1;NS
562064c4-b394-390a-9055-cee3452d1741;12226;;;NS_NET126_F3_(6);t;f;;;;126;0.400000005960464;1;NS
3a6c5a8f-1b30-3a28-a76f-4101feabb8f3;12228;;;NS_NET126_F3_(8);t;f;;;;126;0.400000005960464;1;NS
2010d27a-8085-3d53-a43a-a4e8989258da;12231;;;NS_NET126_F4_(10);t;f;;;;126;0.400000005960464;1;NS
1e1a9946-ef6e-3481-8549-58e6cb4e4037;12242;;;NS_NET126_F4_(5);t;f;;;;126;0.400000005960464;1;NS
0851011a-0dce-304c-a0c7-458d58ce2376;12249;;;NS_NET136_S1_1;t;f;;;;136;0.400000005960464;1;NS
5e067841-4ef9-34ed-8f66-245a5b6bdec1;12250;;;NS_NET136_S1_2;t;f;;;;136;0.400000005960464;1;NS
76d87acd-b8a0-3b9f-8d03-0a42725e3901;12251;;;NS_NET136_S1_3;t;f;;;;136;0.400000005960464;1;NS
c473df13-415b-34b4-8e0b-b093875477ae;12252;;;NS_NET136_S1_4;t;f;;;;136;0.400000005960464;1;NS
71aa30c1-387f-354b-977e-a840eb28d612;12254;;;NS_NET136_S2_1;t;f;;;;136;0.400000005960464;1;NS
8a4375ca-540c-3317-bb36-19a4a62707d9;12255;;;NS_NET136_S2_2;t;f;;;;136;0.400000005960464;1;NS
54dadc17-bdae-37db-aca7-7c4e86133c27;12256;;;NS_NET136_S2_3;t;f;;;;136;0.400000005960464;1;NS
70479064-c05c-32e8-ad45-813ecd537fe4;12259;;;NS_NET136_S3_1;t;f;;;;136;0.400000005960464;1;NS
a99fda8c-807e-3aac-b0e0-a7f18b9190a3;12279;;;NS_NET146_F1_(23);t;f;;;;146;0.400000005960464;1;NS
05155615-9a1d-3f1c-9549-37dbbab43cd4;12280;;;NS_NET146_F1_(24);t;f;;;;146;0.400000005960464;1;NS
68384b84-8004-32ed-a901-71c63eb2dc78;12286;;;NS_NET146_F1_(3);t;f;;;;146;0.400000005960464;1;NS
69a38a1c-a999-392c-9374-40e1499aa881;12287;;;NS_NET146_F1_(30);t;f;;;;146;0.400000005960464;1;NS
8b40605a-842c-3061-8904-8e6212c242c4;12289;;;NS_NET146_F1_(32);t;f;;;;146;0.400000005960464;1;NS
9a503aa2-902c-3978-8165-43854d7c53a7;12290;;;NS_NET146_F1_(33);t;f;;;;146;0.400000005960464;1;NS
c7476263-593b-385c-8a11-9aeee8af3500;12295;;;NS_NET146_F1_(38);t;f;;;;146;0.400000005960464;1;NS
fa6fe80b-72ba-3eb7-89f3-26df66f2a7e2;12296;;;NS_NET146_F1_(39);t;f;;;;146;0.400000005960464;1;NS
7105ba19-4363-359d-a150-21f3869cf6ee;12299;;;NS_NET146_F1_(6);t;f;;;;146;0.400000005960464;1;NS
34f7930b-78fc-3d26-8411-3ebf55a50439;12300;;;NS_NET146_F1_(7);t;f;;;;146;0.400000005960464;1;NS
56ee60c5-2d0c-3a0e-af7f-feb968f92bee;12303;;;NS_NET146_F2_(1);t;f;;;;146;0.400000005960464;1;NS
6cfcf035-e8f7-3198-8adf-d747a339b976;12304;;;NS_NET146_F2_(10);t;f;;;;146;0.400000005960464;1;NS
26228645-dde5-37cf-9cdc-94075a166eb3;12309;;;NS_NET146_F2_(15);t;f;;;;146;0.400000005960464;1;NS
92982b57-3edd-31c5-9262-7e250a97fe5d;12310;;;NS_NET146_F2_(16);t;f;;;;146;0.400000005960464;1;NS
9a1f8ede-1cc6-3b55-af78-bc1171e939fa;12313;;;NS_NET146_F2_(19);t;f;;;;146;0.400000005960464;1;NS
3ebae429-56d6-3728-aacf-820f252917a9;12314;;;NS_NET146_F2_(2);t;f;;;;146;0.400000005960464;1;NS
7d4a9212-eaa2-3e9a-98bd-62098ce05465;12165;;;NS_NET126_F1_(5);t;f;;;;126;0.400000005960464;1;NS
a25072ad-45e6-3ea3-9019-1987a7b27261;12170;;;NS_NET126_F2_(1);t;f;;;;126;0.400000005960464;1;NS
97d86113-7047-346d-b245-78d5fef0d26e;12172;;;NS_NET126_F2_(11);t;f;;;;126;0.400000005960464;1;NS
1c22a319-8a58-335f-a980-cf5c8affa239;12177;;;NS_NET126_F2_(16);t;f;;;;126;0.400000005960464;1;NS
1cb4bc5d-af45-38b1-8a85-6a582bc96912;12178;;;NS_NET126_F2_(17);t;f;;;;126;0.400000005960464;1;NS
0b7ef655-a93d-31a2-a892-5610c5078c78;12179;;;NS_NET126_F2_(18);t;f;;;;126;0.400000005960464;1;NS
8c9f089c-0fa8-3476-8861-d0327a5812a2;12188;;;NS_NET126_F2_(26);t;f;;;;126;0.400000005960464;1;NS
cfae399f-9cfe-3440-9107-761baf4ed0cd;12190;;;NS_NET126_F2_(28);t;f;;;;126;0.400000005960464;1;NS
54e6d974-2f1c-3f12-8d27-e69f40000ff7;12193;;;NS_NET126_F2_(5);t;f;;;;126;0.400000005960464;1;NS
fc31b692-2c01-3fd0-a876-ec6af50d097d;12194;;;NS_NET126_F2_(6);t;f;;;;126;0.400000005960464;1;NS
27115dae-2a3f-310d-b045-2d3eb18c9386;12200;;;NS_NET126_F3_(11);t;f;;;;126;0.400000005960464;1;NS
8680ced8-f92d-37a7-a0f4-accb6796e253;12202;;;NS_NET126_F3_(13);t;f;;;;126;0.400000005960464;1;NS
3bd5625b-faa1-3bf8-afca-f05a35b9ecae;12203;;;NS_NET126_F3_(14);t;f;;;;126;0.400000005960464;1;NS
58525333-b760-3afc-9d95-1771015c460b;12208;;;NS_NET126_F3_(19);t;f;;;;126;0.400000005960464;1;NS
107b161e-b639-3075-8f2f-4e496bcb3c4d;12209;;;NS_NET126_F3_(2);t;f;;;;126;0.400000005960464;1;NS
84793b0d-dcab-3607-8088-46d725e031e8;12213;;;NS_NET126_F3_(23);t;f;;;;126;0.400000005960464;1;NS
af307bee-abad-3acb-8b18-2168580923b3;12214;;;NS_NET126_F3_(24);t;f;;;;126;0.400000005960464;1;NS
2cc023a0-439e-3a72-b4c0-77865fb7a3e9;12219;;;NS_NET126_F3_(29);t;f;;;;126;0.400000005960464;1;NS
50ea7cf5-fe3e-3a8f-9121-8f9ac3998168;12221;;;NS_NET126_F3_(30);t;f;;;;126;0.400000005960464;1;NS
01366f1f-e3ea-3363-86e8-d6829712ba22;12222;;;NS_NET126_F3_(31);t;f;;;;126;0.400000005960464;1;NS
02c13a47-46b6-3e3c-b2ca-7fcfe138c1f5;12229;;;NS_NET126_F3_(9);t;f;;;;126;0.400000005960464;1;NS
5a49df97-0924-36f2-9a29-19b157155e54;12230;;;NS_NET126_F4_(1);t;f;;;;126;0.400000005960464;1;NS
65b4638d-34d4-30d1-bb3d-203fd82c2051;12232;;;NS_NET126_F4_(11);t;f;;;;126;0.400000005960464;1;NS
dbb78971-b088-3e2a-a54c-168d4a8c0533;12234;;;NS_NET126_F4_(13);t;f;;;;126;0.400000005960464;1;NS
5be9ac82-be56-3f22-b7a0-6f5b0df0ae08;12236;;;NS_NET126_F4_(15);t;f;;;;126;0.400000005960464;1;NS
7e5b3fb2-7b38-3af6-8eef-cd7fecdedc2e;12239;;;NS_NET126_F4_(2);t;f;;;;126;0.400000005960464;1;NS
8b527fc1-b051-3301-acd5-7e8b6e11ea4c;12240;;;NS_NET126_F4_(3);t;f;;;;126;0.400000005960464;1;NS
dd429175-424c-3c23-9cb2-dcfe9f8afd13;12241;;;NS_NET126_F4_(4);t;f;;;;126;0.400000005960464;1;NS
239c60ca-99fe-3831-bbe9-b2254bae6cbb;12245;;;NS_NET126_F4_(8);t;f;;;;126;0.400000005960464;1;NS
22abc6db-157f-34f4-aa9f-82eb4aeb2f0a;12257;;;NS_NET136_S2_4;t;f;;;;136;0.400000005960464;1;NS
29798b8e-4f2d-338f-92fa-010aea9e80a4;12258;;;NS_NET136_S2_5;t;f;;;;136;0.400000005960464;1;NS
958257e8-845d-3315-8f2f-61384637a7d2;12261;;;NS_NET136_S3_3;t;f;;;;136;0.400000005960464;1;NS
8f32d495-e2c2-3ff6-a44c-ae8e64bba985;12262;;;NS_NET136_S3_4;t;f;;;;136;0.400000005960464;1;NS
e6f73d7c-819b-360b-8695-59719411ccb6;12263;;;NS_NET136_S3_5;t;f;;;;136;0.400000005960464;1;NS
c8c95307-1296-31bd-9fbb-0cb203a78e23;12267;;;NS_NET146_F1_(12);t;f;;;;146;0.400000005960464;1;NS
7719ead1-c095-3ee2-a4ac-3929a1d8e78f;12268;;;NS_NET146_F1_(13);t;f;;;;146;0.400000005960464;1;NS
4e277892-2ae4-3bd1-b22e-5f6f66755718;12269;;;NS_NET146_F1_(14);t;f;;;;146;0.400000005960464;1;NS
ded1606b-44f8-37a8-8361-2d9fdde8c2c6;12271;;;NS_NET146_F1_(16);t;f;;;;146;0.400000005960464;1;NS
6587f352-7cbc-3841-b509-b2cf93e1295c;12272;;;NS_NET146_F1_(17);t;f;;;;146;0.400000005960464;1;NS
8894c533-1574-3e8e-869f-6c89a19801c6;12274;;;NS_NET146_F1_(19);t;f;;;;146;0.400000005960464;1;NS
bcdc2e04-b825-3d39-a912-89a9f297652d;12275;;;NS_NET146_F1_(2);t;f;;;;146;0.400000005960464;1;NS
d166cbcd-e3d4-3887-955e-5166a789445f;12278;;;NS_NET146_F1_(22);t;f;;;;146;0.400000005960464;1;NS
0aa6f5c2-6613-3c8f-8567-5d659b2382e6;12283;;;NS_NET146_F1_(27);t;f;;;;146;0.400000005960464;1;NS
3d0627ae-8a41-3a76-8466-94738071edee;12284;;;NS_NET146_F1_(28);t;f;;;;146;0.400000005960464;1;NS
c5fa4d92-6bb5-38cc-9a69-466beccdcf1d;12288;;;NS_NET146_F1_(31);t;f;;;;146;0.400000005960464;1;NS
4af4aceb-5d4e-3764-92e6-a1fe95c28d6d;12293;;;NS_NET146_F1_(36);t;f;;;;146;0.400000005960464;1;NS
fa708314-66c0-3d8c-9534-d7fe93ccc8c1;12298;;;NS_NET146_F1_(5);t;f;;;;146;0.400000005960464;1;NS
c030b43e-5f9f-3efd-bf38-bdc6a2ec9340;12301;;;NS_NET146_F1_(8);t;f;;;;146;0.400000005960464;1;NS
7dae9b21-1d06-35fe-9f32-04aa30d02c76;12302;;;NS_NET146_F1_(9);t;f;;;;146;0.400000005960464;1;NS
92e12dd9-d801-3b76-a615-19bd63cfbdb5;12305;;;NS_NET146_F2_(11);t;f;;;;146;0.400000005960464;1;NS
9ba8147a-6110-3ce2-b0b6-7988cdd101d7;12307;;;NS_NET146_F2_(13);t;f;;;;146;0.400000005960464;1;NS
f2627807-744b-3ad3-bf0f-983f12896e2a;12308;;;NS_NET146_F2_(14);t;f;;;;146;0.400000005960464;1;NS
c35f2ca4-df65-3706-a585-1cf6b670da33;12311;;;NS_NET146_F2_(17);t;f;;;;146;0.400000005960464;1;NS
76856049-d91c-3bc1-8e7f-8eaf10e4c2d8;12312;;;NS_NET146_F2_(18);t;f;;;;146;0.400000005960464;1;NS
4c41f1fa-53c3-3357-96b3-3ea2bb3eb621;12320;;;NS_NET146_F2_(25);t;f;;;;146;0.400000005960464;1;NS
36a0b616-f245-385d-b96c-cde2595b2c1d;12323;;;NS_NET146_F2_(28);t;f;;;;146;0.400000005960464;1;NS
b352a655-ccdd-3ed5-8484-79eb81fc3b84;12317;;;NS_NET146_F2_(22);t;f;;;;146;0.400000005960464;1;NS
ed656276-bfcd-36f3-ac61-b0ddfff3ce8f;12318;;;NS_NET146_F2_(23);t;f;;;;146;0.400000005960464;1;NS
257acddb-168f-37ae-b80c-9e7b56c7d74a;12321;;;NS_NET146_F2_(26);t;f;;;;146;0.400000005960464;1;NS
90592a11-049c-3a09-a19c-2b7ccb3fa3e7;12326;;;NS_NET146_F2_(5);t;f;;;;146;0.400000005960464;1;NS
ffb0318b-749f-3fc9-bfd7-dbc9ca2d59a1;12336;;;NS_NET146_F3_(14);t;f;;;;146;0.400000005960464;1;NS
e291e170-4f18-380c-8c44-9e631d6f9c0c;12338;;;NS_NET146_F3_(16);t;f;;;;146;0.400000005960464;1;NS
3d2144db-6f8d-3a0e-9974-2f51fc7e18b1;12341;;;NS_NET146_F3_(19);t;f;;;;146;0.400000005960464;1;NS
0998d71e-c25c-3bdd-8c12-d89f1545a3fa;12344;;;NS_NET146_F3_(21);t;f;;;;146;0.400000005960464;1;NS
5c4875e8-6784-3d1d-814a-3d281276fb91;12347;;;NS_NET146_F3_(24);t;f;;;;146;0.400000005960464;1;NS
61173688-80d6-39df-9669-7dc013ab547b;12348;;;NS_NET146_F3_(25);t;f;;;;146;0.400000005960464;1;NS
30333d13-78a5-3cdf-b9a2-9f058cb84aee;12351;;;NS_NET146_F3_(28);t;f;;;;146;0.400000005960464;1;NS
5eb251c6-dcf6-33b0-91d1-a8a11abe1727;12358;;;NS_NET146_F3_(5);t;f;;;;146;0.400000005960464;1;NS
d734d172-d8a3-3c75-8940-74dd1af31d27;12359;;;NS_NET146_F3_(6);t;f;;;;146;0.400000005960464;1;NS
bf055fb0-8f6d-360c-9e58-227b483bd3d8;12361;;;NS_NET146_F3_(8);t;f;;;;146;0.400000005960464;1;NS
a83bdeb4-2b5d-3b34-997b-ebe24bc88b88;12362;;;NS_NET146_F3_(9);t;f;;;;146;0.400000005960464;1;NS
054ffa1c-4786-3d56-b2c4-1534e049b7b4;12363;;;NS_NET146_F4_(1);t;f;;;;146;0.400000005960464;1;NS
067b01c7-6e01-3ee3-a219-407dc1bd919a;12364;;;NS_NET146_F4_(10);t;f;;;;146;0.400000005960464;1;NS
5d6ab712-a104-3d55-8126-44a5073502a9;12365;;;NS_NET146_F4_(11);t;f;;;;146;0.400000005960464;1;NS
0b7421b3-a886-3dad-b9b9-c95d8ba03918;12367;;;NS_NET146_F4_(13);t;f;;;;146;0.400000005960464;1;NS
a45d3efa-04f8-337a-a04c-8fd20ecde664;12372;;;NS_NET146_F4_(2);t;f;;;;146;0.400000005960464;1;NS
c0c22905-6a29-3e8d-9847-741c6bdef689;12373;;;NS_NET146_F4_(3);t;f;;;;146;0.400000005960464;1;NS
a5c1aa52-d05f-3bb3-a47a-f7820d700f77;12374;;;NS_NET146_F4_(4);t;f;;;;146;0.400000005960464;1;NS
fac44536-324e-3593-afbd-8fb10bbd4db8;12375;;;NS_NET146_F4_(5);t;f;;;;146;0.400000005960464;1;NS
cf1a4c70-338c-37c4-8306-a6e7d5ed829a;12327;;;NS_NET146_F2_(6);t;f;;;;146;0.400000005960464;1;NS
044754b4-3f8c-38e0-9480-4c6eafe839db;12328;;;NS_NET146_F2_(7);t;f;;;;146;0.400000005960464;1;NS
7f6e7410-7030-3f4c-bcb6-18db3415ecd4;12330;;;NS_NET146_F2_(9);t;f;;;;146;0.400000005960464;1;NS
cf5e51b7-4c4e-3c2d-9ebb-d0a85bec2217;12333;;;NS_NET146_F3_(11);t;f;;;;146;0.400000005960464;1;NS
90f18b65-f443-3829-8cc7-d1f5dc3aa2ad;12335;;;NS_NET146_F3_(13);t;f;;;;146;0.400000005960464;1;NS
08f303b0-7a2b-3ca6-a3d8-b0e47aa96d9d;12339;;;NS_NET146_F3_(17);t;f;;;;146;0.400000005960464;1;NS
960d64fa-9b3b-3d1b-8953-7f840423b696;12342;;;NS_NET146_F3_(2);t;f;;;;146;0.400000005960464;1;NS
ff49bd1b-8c99-3916-b648-74390e85338c;12346;;;NS_NET146_F3_(23);t;f;;;;146;0.400000005960464;1;NS
bac8812c-ef8c-3f9d-ab4d-4d1c6ec57c28;12349;;;NS_NET146_F3_(26);t;f;;;;146;0.400000005960464;1;NS
7765fb07-4803-3c0c-826f-ada6f05c3a8a;12352;;;NS_NET146_F3_(29);t;f;;;;146;0.400000005960464;1;NS
5db983f5-ca6e-3988-9056-74ccf70a8a92;12354;;;NS_NET146_F3_(30);t;f;;;;146;0.400000005960464;1;NS
df5551ef-6eca-3ffd-9e90-01170b59c290;12355;;;NS_NET146_F3_(31);t;f;;;;146;0.400000005960464;1;NS
49300b07-21c2-36e2-bb90-bb96df6c09b4;12369;;;NS_NET146_F4_(15);t;f;;;;146;0.400000005960464;1;NS
4ab33f48-2d45-3bb6-bbee-780d272edd23;12378;;;NS_NET146_F4_(8);t;f;;;;146;0.400000005960464;1;NS
a174734c-346a-3d68-92d3-997020a26600;12315;12.8273;52.2895;NS_NET146_F2_(20);t;f;;;;146;0.400000005960464;1;NS
e49388f7-c0d2-326f-a578-9a15f2c54f33;12316;12.8273;52.2895;NS_NET146_F2_(21);t;f;;;;146;0.400000005960464;1;NS
b0606b6e-5e05-3da3-ac0b-f338d9e3be65;12325;12.8273;52.2895;NS_NET146_F2_(4);t;f;;;;146;0.400000005960464;1;NS
92f859b6-ddd4-3ae7-9758-418d462ff475;12337;12.8273;52.2895;NS_NET146_F3_(15);t;f;;;;146;0.400000005960464;1;NS
a0867c63-6840-3e75-8266-4524d1ff1472;12350;12.8273;52.2895;NS_NET146_F3_(27);t;f;;;;146;0.400000005960464;1;NS
ac0e5306-5a84-34bd-a5d9-d770569323a8;12356;12.8273;52.2895;NS_NET146_F3_(32);t;f;;;;146;0.400000005960464;1;NS
485d5211-63c8-32a5-b4d2-978758855a5f;12366;12.8273;52.2895;NS_NET146_F4_(12);t;f;;;;146;0.400000005960464;1;NS
175423cc-0095-3e24-b4f7-0f8c64f917e9;12368;12.8273;52.2895;NS_NET146_F4_(14);t;f;;;;146;0.400000005960464;1;NS
ac14cab8-37f4-3324-8c4d-c159369d44ad;12377;12.8273;52.2895;NS_NET146_F4_(7);t;f;;;;146;0.400000005960464;1;NS
ab041bc3-27e1-353c-afcf-1036ef3eae93;12120;12.8273;52.2895;NS_NET116_S1_5;t;f;;;;116;0.400000005960464;1;NS
93dbeb23-0a3a-3147-bf32-d7057abdc39c;12127;12.8273;52.2895;NS_NET116_S3_2;t;f;;;;116;0.400000005960464;1;NS
7b315edf-6e20-3958-b5a6-399f857b70c2;12131;12.8273;52.2895;NS_NET126_F1_(1);t;f;;;;126;0.400000005960464;1;NS
b98ff03d-d5cc-35aa-b212-f132e0e84814;12132;12.8273;52.2895;NS_NET126_F1_(10);t;f;;;;126;0.400000005960464;1;NS
7d104dfd-5306-3580-890b-d9959c59ae5e;12133;12.8273;52.2895;NS_NET126_F1_(11);t;f;;;;126;0.400000005960464;1;NS
7c8d7f1e-8aae-3211-a336-6d5c78688a30;12137;12.8273;52.2895;NS_NET126_F1_(15);t;f;;;;126;0.400000005960464;1;NS
4871ad32-ea8f-3e86-a8be-b5412a55353c;12140;12.8273;52.2895;NS_NET126_F1_(18);t;f;;;;126;0.400000005960464;1;NS
ccd0f178-63e8-32d4-9b88-1e436ceb42a6;12143;12.8273;52.2895;NS_NET126_F1_(20);t;f;;;;126;0.400000005960464;1;NS
ea094ce2-3ac0-31a8-bf1d-cbfe49ef1243;12144;12.8273;52.2895;NS_NET126_F1_(21);t;f;;;;126;0.400000005960464;1;NS
83fa4357-3dd2-3542-95a4-396b118e1c24;12148;12.8273;52.2895;NS_NET126_F1_(25);t;f;;;;126;0.400000005960464;1;NS
98655263-4d84-321d-996c-64147eeae84e;12149;12.8273;52.2895;NS_NET126_F1_(26);t;f;;;;126;0.400000005960464;1;NS
8c59796d-0715-344b-acd1-2a47ebf45c2f;12152;12.8273;52.2895;NS_NET126_F1_(29);t;f;;;;126;0.400000005960464;1;NS
979b584d-a125-3810-837a-5df216796258;12157;12.8273;52.2895;NS_NET126_F1_(33);t;f;;;;126;0.400000005960464;1;NS
27068c04-199a-36cc-a6ab-e008fabdd24a;12173;12.8273;52.2895;NS_NET126_F2_(12);t;f;;;;126;0.400000005960464;1;NS
407544b7-3745-3ecb-9ae7-691ce8d665c3;12182;12.8273;52.2895;NS_NET126_F2_(20);t;f;;;;126;0.400000005960464;1;NS
02ad26ca-8f2e-31d3-b6b9-0a0bafa57c52;12183;12.8273;52.2895;NS_NET126_F2_(21);t;f;;;;126;0.400000005960464;1;NS
84fa8015-ec21-3c2f-804d-323dc29f1376;12192;12.8273;52.2895;NS_NET126_F2_(4);t;f;;;;126;0.400000005960464;1;NS
4f4c5b80-4f47-3273-8acb-a0565eb522cb;12196;12.8273;52.2895;NS_NET126_F2_(8);t;f;;;;126;0.400000005960464;1;NS
66c49063-6c71-3001-80fc-50d52fde48fb;12198;12.8273;52.2895;NS_NET126_F3_(1);t;f;;;;126;0.400000005960464;1;NS
e7a26f3f-20de-31d2-bda4-773e81a9194e;12201;12.8273;52.2895;NS_NET126_F3_(12);t;f;;;;126;0.400000005960464;1;NS
177b3cfc-b113-310a-8c0d-e971661287a9;12207;12.8273;52.2895;NS_NET126_F3_(18);t;f;;;;126;0.400000005960464;1;NS
f28ecb51-9e9c-3e68-bbd6-c7e4025f2a2e;12210;12.8273;52.2895;NS_NET126_F3_(20);t;f;;;;126;0.400000005960464;1;NS
8de5efcc-b3e7-3d70-b435-3479ca2bcbcf;12212;12.8273;52.2895;NS_NET126_F3_(22);t;f;;;;126;0.400000005960464;1;NS
57b0018d-7060-3db1-94e5-65b059fcad88;12217;12.8273;52.2895;NS_NET126_F3_(27);t;f;;;;126;0.400000005960464;1;NS
5f84a14a-7bfa-3f74-8f80-d0cb99d94958;12223;12.8273;52.2895;NS_NET126_F3_(32);t;f;;;;126;0.400000005960464;1;NS
cc3d6f55-4ac5-34bc-bfcb-a786d259f9b7;12227;12.8273;52.2895;NS_NET126_F3_(7);t;f;;;;126;0.400000005960464;1;NS
fc93e637-c07f-3479-bc1d-1b5b20f29034;12235;12.8273;52.2895;NS_NET126_F4_(14);t;f;;;;126;0.400000005960464;1;NS
dd1d9fff-d2dd-3c12-94bd-5094f483b7ef;12238;12.8273;52.2895;NS_NET126_F4_(17);t;f;;;;126;0.400000005960464;1;NS
3a2bef4f-c578-35a3-92fd-01e1317f5d7a;12246;12.8273;52.2895;NS_NET126_F4_(9);t;f;;;;126;0.400000005960464;1;NS
06dc28c9-12ea-30be-bf8f-34b721c706f7;12253;12.8273;52.2895;NS_NET136_S1_5;t;f;;;;136;0.400000005960464;1;NS
76d9eec7-c276-3623-8e4f-77fbf1f5ae4a;350430;;;HS_NET1_Station_3_380;f;t;;;;1000;380;1;HöS
6e359e45-3cf0-38de-9a2f-52d6f318a239;12076;;;HS_NET1_Station_1_380;t;t;;;;1000;380;1;HöS
03c3f095-a8af-3e20-9614-86f00dc0651a;12074;;;HS_NET1_Station_1;t;f;;;;1;110;1;HS
298e2a2e-4f44-3d9a-a0bd-936589aa15e5;12079;;;HS_NET1_Station_3;t;f;;;;1;110;1;HS
601e9336-499f-3229-af38-fcbcac3412c3;12084;;;MS1_02;t;f;;;;11;20;1;MS
681cbf0d-3037-3955-b8c3-281d17120d47;12086;;;MS1_04;t;f;;;;11;20;1;MS
bb7a1e23-5b0b-3b9b-9b75-1c9092462b63;12088;;;MS1_06;t;f;;;;11;20;1;MS
4a92adb9-06af-39d1-b7b3-5617ac6d972a;12092;;;MS2_02;t;f;;;;12;20;1;MS
232cd10e-e1c7-3aea-b6fa-c80cc434fe45;12094;;;MS2_04;t;f;;;;12;20;1;MS
2e249039-138b-3bc8-a392-b3eb2bf66cb4;12096;;;MS2_06;t;f;;;;12;20;1;MS
0457fd74-3fc3-3709-8711-6544ca60fd43;12100;;;MS3_02;t;f;;;;13;20;1;MS
d40a6cd2-65ab-38c8-b805-c1daa81c8bd8;12102;;;MS3_04;t;f;;;;13;20;1;MS
1a723396-e14b-3e94-88e1-e20a4b489a24;12104;;;MS3_06;t;f;;;;13;20;1;MS
ba740ba7-939e-3e3b-b5e0-358f0be17b3b;12108;;;MS4_02;t;f;;;;14;20;1;MS
3ac82759-70a9-398c-9edf-541515462e8a;12110;;;MS4_04;t;f;;;;14;20;1;MS
0fbbbdf5-c98f-36b9-99ff-45dff8c0d73e;12112;;;MS4_06;t;f;;;;14;20;1;MS
de5eeb80-4444-349d-be8d-ec29a06e08d4;12115;;;NS_NET116_ONS;t;f;;;;116;0.400000005960464;1;NS
6beb25ca-ea71-363c-933a-7ba2067a2dea;12116;;;NS_NET116_S1_1;t;f;;;;116;0.400000005960464;1;NS
945205f2-07d4-36ab-9ad1-eadc9d6e12b0;12117;;;NS_NET116_S1_2;t;f;;;;116;0.400000005960464;1;NS
fbb1970d-416c-351e-aaf7-26b92bcd4dda;12118;;;NS_NET116_S1_3;t;f;;;;116;0.400000005960464;1;NS
5cdbc690-87a7-368c-9f1d-3df475f1bf23;12119;;;NS_NET116_S1_4;t;f;;;;116;0.400000005960464;1;NS
5bcb0618-6f43-30cb-87fa-6c819900b375;12260;12.8273;52.2895;NS_NET136_S3_2;t;f;;;;136;0.400000005960464;1;NS
886d16d7-dbea-3639-bdc2-385d31002bb0;12265;12.8273;52.2895;NS_NET146_F1_(10);t;f;;;;146;0.400000005960464;1;NS
8a5ba240-a1f4-31b8-bf31-90ad6a69b788;12266;12.8273;52.2895;NS_NET146_F1_(11);t;f;;;;146;0.400000005960464;1;NS
e8195115-c8a2-33ee-ad78-1c53cc54f1d7;12270;12.8273;52.2895;NS_NET146_F1_(15);t;f;;;;146;0.400000005960464;1;NS
f8a42f45-4f2a-3dff-adb2-e2d5ae892b00;12273;12.8273;52.2895;NS_NET146_F1_(18);t;f;;;;146;0.400000005960464;1;NS
751ba078-5a33-31ee-acd9-8b045d9c933b;12282;12.8273;52.2895;NS_NET146_F1_(26);t;f;;;;146;0.400000005960464;1;NS
cba34fd2-6bea-3aad-96ad-3e34f0cafaa3;12285;12.8273;52.2895;NS_NET146_F1_(29);t;f;;;;146;0.400000005960464;1;NS
61ff4e17-0ad3-3318-b7fc-e91da8b1d097;12292;12.8273;52.2895;NS_NET146_F1_(35);t;f;;;;146;0.400000005960464;1;NS
75c65e98-003c-3505-8ad2-501007b75e6f;12159;12.8273;52.2895;NS_NET126_F1_(35);t;f;;;;126;0.400000005960464;1;NS
6b1455a7-29a5-3a0b-b24c-4e150b3c68bb;12163;12.8273;52.2895;NS_NET126_F1_(39);t;f;;;;126;0.400000005960464;1;NS
db75d0ef-8cc0-31b4-8b4c-6b27eee26359;12164;12.8273;52.2895;NS_NET126_F1_(4);t;f;;;;126;0.400000005960464;1;NS
569ff40e-f5ef-30c2-9a1d-f1519bf2ccf5;12186;12.8273;52.2895;NS_NET126_F2_(24);t;f;;;;126;0.400000005960464;1;NS
4251ffda-8862-3d1d-9481-4f971a186c54;12189;12.8273;52.2895;NS_NET126_F2_(27);t;f;;;;126;0.400000005960464;1;NS
86b8a9c4-39fa-3a37-a18a-176e8a726f89;12191;12.8273;52.2895;NS_NET126_F2_(3);t;f;;;;126;0.400000005960464;1;NS
089dd194-bf50-3bd1-b857-2ce36cf900d0;12199;12.8273;52.2895;NS_NET126_F3_(10);t;f;;;;126;0.400000005960464;1;NS
36dddec2-4d65-3df1-8820-6441a41c2a62;12204;12.8273;52.2895;NS_NET126_F3_(15);t;f;;;;126;0.400000005960464;1;NS
ed6430c6-444d-3235-b856-f253545a2582;12220;12.8273;52.2895;NS_NET126_F3_(3);t;f;;;;126;0.400000005960464;1;NS
0c77e518-9da0-3eb2-aeab-56ddf48da057;12224;12.8273;52.2895;NS_NET126_F3_(4);t;f;;;;126;0.400000005960464;1;NS
8a3daa84-fdc1-3867-8ffb-c1222f0068e3;12233;12.8273;52.2895;NS_NET126_F4_(12);t;f;;;;126;0.400000005960464;1;NS
a3162d57-ec1a-3786-8f15-fba6077d2842;12237;12.8273;52.2895;NS_NET126_F4_(16);t;f;;;;126;0.400000005960464;1;NS
30ab8b05-8ba5-360e-81ca-4b6341ee3a91;12083;12.8273;52.2895;MS1_01;t;f;;;;11;20;1;MS
48b3598f-ea69-3268-b942-3fec4daa89a2;12085;12.8273;52.2895;MS1_03;t;f;;;;11;20;1;MS
0b067779-53ab-3ff2-a841-a8af835c2729;12087;12.8273;52.2895;MS1_05;t;f;;;;11;20;1;MS
345f19b5-24d5-39a5-9003-3db90c016242;12090;12.8273;52.2895;MS1_07;t;f;;;;11;20;1;MS
dc9f1b0a-207a-3c83-aa21-900e1de0ebdb;12091;12.8273;52.2895;MS2_01;t;f;;;;12;20;1;MS
c2679d6b-5e7c-32d1-9a85-6e3804e48085;12093;12.8273;52.2895;MS2_03;t;f;;;;12;20;1;MS
68622b51-9259-3f0f-9874-26de36fecbde;12095;12.8273;52.2895;MS2_05;t;f;;;;12;20;1;MS
a44db772-e6ba-3f0e-b083-7330a0fb85cd;12098;12.8273;52.2895;MS2_07;t;f;;;;12;20;1;MS
8b1e23c8-1d18-3c2e-8d12-33d37e67cba3;12099;12.8273;52.2895;MS3_01;t;f;;;;13;20;1;MS
69e15dc3-7f9c-36f1-82c8-4e89356645fe;12101;12.8273;52.2895;MS3_03;t;f;;;;13;20;1;MS
71ab4f1c-fdec-3418-8d72-5fbe0d7453a5;12103;12.8273;52.2895;MS3_05;t;f;;;;13;20;1;MS
4e487386-4d3e-3a3a-b0ef-3def82f11161;12106;12.8273;52.2895;MS3_07;t;f;;;;13;20;1;MS
a6b225c7-52b9-36ca-99fc-05a039a3a52d;12107;12.8273;52.2895;MS4_01;t;f;;;;14;20;1;MS
b0d9151b-814e-3a61-a122-85f3c2c46ee0;12109;12.8273;52.2895;MS4_03;t;f;;;;14;20;1;MS
c4954b25-317f-3a33-b96e-e1d3b7bd0fa3;12111;12.8273;52.2895;MS4_05;t;f;;;;14;20;1;MS
486def30-f1a4-3a1d-abc3-874b015c5cd6;12114;12.8273;52.2895;MS4_07;t;f;;;;14;20;1;MS
adc65d9a-3b86-3894-9cb9-16113fb00aee;12081;12.8273;52.2895;HS_NET1_Station_4;t;f;;;;1;110;1;HS
c8e2086c-4384-346c-85ad-939909fa36be;12077;12.8273;52.2895;HS_NET1_Station_2;t;f;;;;1;110;1;HS
75034fbe-8de2-30eb-99c1-a853a5c03ff6;12243;12.8273;52.2895;NS_NET126_F4_(6);t;f;;;;126;0.400000005960464;1;NS
a43dc596-394e-369d-9685-51412189d494;12244;12.8273;52.2895;NS_NET126_F4_(7);t;f;;;;126;0.400000005960464;1;NS
84830471-2d9d-389a-8374-5220b6b3037d;12264;12.8273;52.2895;NS_NET146_F1_(1);t;f;;;;146;0.400000005960464;1;NS
9efd2e1d-95de-3821-98a3-b8366e0d3f63;12276;12.8273;52.2895;NS_NET146_F1_(20);t;f;;;;146;0.400000005960464;1;NS
aa888efa-8686-3f91-bf15-28d988cdf930;12277;12.8273;52.2895;NS_NET146_F1_(21);t;f;;;;146;0.400000005960464;1;NS
37e2434d-4e68-3f38-9768-716b62a1eb11;12291;12.8273;52.2895;NS_NET146_F1_(34);t;f;;;;146;0.400000005960464;1;NS
ba035dd0-af80-3e82-a2e4-5938c8a962b4;12294;12.8273;52.2895;NS_NET146_F1_(37);t;f;;;;146;0.400000005960464;1;NS
85531676-bbbc-3fc0-8715-c21fd1227671;12297;12.8273;52.2895;NS_NET146_F1_(4);t;f;;;;146;0.400000005960464;1;NS
be2cf965-502c-3915-b895-7e276aaf9352;12306;12.8273;52.2895;NS_NET146_F2_(12);t;f;;;;146;0.400000005960464;1;NS
da4ddcc0-3857-3c5e-b81c-704173b5d046;12319;12.8273;52.2895;NS_NET146_F2_(24);t;f;;;;146;0.400000005960464;1;NS
5e07cc15-e266-3bbc-8146-e8afe91d3fab;12322;12.8273;52.2895;NS_NET146_F2_(27);t;f;;;;146;0.400000005960464;1;NS
fcaf072e-703b-3bf4-864f-0588773c5caf;12324;12.8273;52.2895;NS_NET146_F2_(3);t;f;;;;146;0.400000005960464;1;NS
4514da76-81cb-38c5-ad90-43b01dcf16ef;12329;12.8273;52.2895;NS_NET146_F2_(8);t;f;;;;146;0.400000005960464;1;NS
9275889d-b98b-39a0-92ab-a8d3c2cf0d90;12331;12.8273;52.2895;NS_NET146_F3_(1);t;f;;;;146;0.400000005960464;1;NS
876424d6-6ff2-3d61-ad61-b56a45d9e434;12332;12.8273;52.2895;NS_NET146_F3_(10);t;f;;;;146;0.400000005960464;1;NS
15d4cea2-22a8-322b-8444-53dadfc89b9b;12334;12.8273;52.2895;NS_NET146_F3_(12);t;f;;;;146;0.400000005960464;1;NS
de16de94-7b04-3688-859a-8a9c2386b106;12340;12.8273;52.2895;NS_NET146_F3_(18);t;f;;;;146;0.400000005960464;1;NS
6395bdc3-09c0-3a49-a61b-3851a0e502d5;12343;12.8273;52.2895;NS_NET146_F3_(20);t;f;;;;146;0.400000005960464;1;NS
aef2c8d7-977b-361c-ab93-5e0b9309e9f8;12345;12.8273;52.2895;NS_NET146_F3_(22);t;f;;;;146;0.400000005960464;1;NS
ae59d14a-147f-39fb-ae5d-980e3277a391;12353;12.8273;52.2895;NS_NET146_F3_(3);t;f;;;;146;0.400000005960464;1;NS
708e30d3-88a1-3d00-8f19-d32af36d3276;12357;12.8273;52.2895;NS_NET146_F3_(4);t;f;;;;146;0.400000005960464;1;NS
5b51f24e-3ed8-3f6d-90d5-af39ac68639b;12360;12.8273;52.2895;NS_NET146_F3_(7);t;f;;;;146;0.400000005960464;1;NS
0797aa55-2479-3443-877e-fdf3aca715e1;12370;12.8273;52.2895;NS_NET146_F4_(16);t;f;;;;146;0.400000005960464;1;NS
85bcdd25-7641-3bff-84eb-599ed5b4fc66;12371;12.8273;52.2895;NS_NET146_F4_(17);t;f;;;;146;0.400000005960464;1;NS
e02d9281-ee79-3f3d-bfd8-f8ee44ffc39e;12376;12.8273;52.2895;NS_NET146_F4_(6);t;f;;;;146;0.400000005960464;1;NS
daea3ea6-5237-3280-a44c-fd57a1cac143;12379;12.8273;52.2895;NS_NET146_F4_(9);t;f;;;;146;0.400000005960464;1;NS
67271762-3327-38e2-b0f5-85180b42338a;12281;12.8273;52.2895;NS_NET146_F1_(25);t;f;;;;146;0.400000005960464;1;NS
