tid;b_m;capex;d_phi;d_v;g_m;id;opex;r_sc;s_rated;tap_max;tap_min;tap_neutr;tap_side;v_hv;v_lv;x_sc
12031;0;0;0;-4;0;transformer_type_eerbnded8db8596b4c8e32ab19df5071ae45f99c30023f473ae353098e6e60a35a0d6a;0;0.0832000017166138;250;3;1;2;f;10;0.400000005960464;15.4397754129375
12032;0;0;0;-2.5;0;transformer_type_dInf3d1427f0cf838aae9b34ed82c2e64c14291e05476f9d644e1cfa12868bbe37d;0;0.0179687497904524;400.000005960464;3;1;2;f;10;0.400000005960464;10.3999839406627
12033;0;0;0;-4;0;transformer_type_ene36c40197725926e72c4ecc4e06c559408453f2414101aeed5ab374b5f089ca53;0;0.0832000017166138;250;3;1;2;f;10;0.400000005960464;10.3596655663234
12034;0;0;0;-2.5;0;transformer_type_tee9efb0751ba81cd6eb444aa0648b52d4a3a50854b888b855c59ac1f075ca5a38fIath;0;0.358886741778407;159.999996423721;3;1;2;f;10;0.400000005960464;24.4973723183705
12035;1.1;10;0.1;1.5;500.2;HöS-MS_1;0;5.1;40000;12;-12;0;f;380;10;110.3
12036;0;0;0;-4;0;transformer_type_eebfb06a4f35f87b4ae76701d95d37061a0ee74c5503453ebe0bcbb056ccec16b8r;0;0.358886741778407;159.999996423721;2;1;2;f;10;0.400000005960464;23.1222157890639
12037;0;0;0;1.77777802944183;0;transformer_type_eed3b537518ff3546f6ebb11501ace05db3149185c2fd52a5e8fb1eaf8cb772775eet;0;0;10000;19;1;10;f;30;10;7.11000008583069
12038;0;0;0;-2.5;0;transformer_type_hc4a7277821b0672056c816ea5b38f0d83ae616e51e763a7f4554620daa12f35fg;0;0.00411922549628015;629.999995231628;3;1;2;f;10;0.400000005960464;6.23809403124207
12039;0;0;0;-2.5;0;transformer_type_def605fcb614163e9c396f0ddc6da86196a15f262109d6b809fdd847d0f1d53e1tlh;0;0.0832000017166138;250;3;1;2;f;10;0.400000005960464;15.7197800924536
12040;0;0;0;-4;0;transformer_type_lie7df66c507dc131e1c950d35e6578dff1af47d643aae70644f6a80e166b04a14reb;0;0.0179687497904524;400.000005960464;3;1;2;f;10;0.400000005960464;9.74998353537636
12041;0;0;0;-2.5;0;transformer_type_gG20e2ee437d3853c7ee5479a59ec713ad3dc670156c74e1499f6dc45f27992278;0;0.358886741778407;159.999996423721;3;1;2;f;10;0.400000005960464;24.9974244322541
12042;0;0;0;0;0;transformer_type_m50e356ec2469b484457d8412644e9658696ea507c1002adabe2b190cceb1fda1daai;0;0.358886741778407;159.999996423721;3;1;2;f;10;0.400000005960464;24.9974244322541
12043;0;0;0;-2.5;0;transformer_type_g1e5e192984a06a841427be9254e9c6e7e09e165c6562f394fa30f6172807ce6anai;0;0.358886741778407;159.999996423721;3;1;2;f;10;0.400000005960464;25.6224866887139
12044;0;0;0;-2.5;0;transformer_type_a467c7d38228b487b9df98f1beb6e778b573401e0029b31c570c8caff27f8db6btdid;0;1.74999991804362;100.000001490116;3;1;2;f;10;0.400000005960464;41.3629947979705
12045;0;0;0;-4;0;transformer_type_bi3b8ddd97fc40058e01b4c428c0b65b913062c86ae9e158d5ae4763d4241f1cb5bar;0;0.0179687497904524;400.000005960464;3;1;2;f;10;0.400000005960464;10.4249845497208
12046;0;0;0;1.5;0;transformer_type_indadaf3f64ca1bae09af5e787d7e50c5375457ccd87ae7ccef397abbfebf921b5hrh;0;0;16000;19;1;10;f;30;10.5;4.33125
12047;0;0;0;-2;0;transformer_type_Inead6a88b5befb10a28e375e2fe6287bfe770fe2cd52d86fe90544a91c3d15e94ce;0;0.358886741778407;159.999996423721;3;1;2;f;10;0.400000005960464;24.3723589527973
12048;0;0;0;-4;0;transformer_type_ne5f0a5e9148e3e6a75befc7c97ced19f3a7d2fb3a390b68b9850cf787658ca391rdnl;0;0.0832000017166138;250;3;1;2;f;10;0.400000005960464;10.8796819921333
12049;0;0;0;-2.5;0;transformer_type_Iednfa7c868cd5f360bb83b5dbc01da7e9e509cd6757caf5066a95401df180ebd5bebnn;0;0.00411922549628015;629.999995231628;3;1;2;f;10;0.400000005960464;6.07936360873516
12050;0;0;0;-5;0;transformer_type_nbaae880bad2aa61aa9f91f8dac741371453d2636347cc394d4eeecb559051f6aieh;0;0.00411922549628015;629.999995231628;3;1;2;f;10;0.400000005960464;6.19047501821389
12051;0;0;0;-4;0;transformer_type_eb60da7fbfb88969d8cc0770b3b5db38efaa47c0b0a15270a4c31dc16e07bf0flnr;0;0.124999998137355;200.000002980232;3;1;2;f;10;0.400000005960464;19.1995923793878
12052;0;0;0;-2.5;0;transformer_type_i6faa045755eab97a9f724b41a87fc5ed5c6627451e140f9cfc39c5d73d6220a5;0;0.00411922549628015;629.999995231628;2;1;2;f;10;0.400000005960464;6.50793510217658
12053;0;0;0;-4;0;transformer_type_hr91685665c340d142e5c185fa9970d2f41a11e6258c47ea11bd2d944ee67cbb75gb;0;1.74999991804362;100.000001490116;3;1;2;f;10;0.400000005960464;35.0563468843417
12054;0;0;0;-4;0;transformer_type_af2700eaa221f57a4f0ca9e1c44f12a3a524c210f97fc49e92c3739c6d09639a8rnh;0;0.358886741778407;159.999996423721;3;1;2;f;10;0.400000005960464;24.8099051379156
12055;0;0;0;1.77777802944183;0;transformer_type_aGn891262886054562b1681ac240243ce06fcaf255cc6a244f171453b9be83b7e10ednr;0;0;16000;19;1;10;f;30;10;4.33124989271164
12056;0;0;0;-2;0;transformer_type_bde5504f98b57a7557bfa67822cb5f89f43007dedb354be4f23ffd4eb3ef4f91387;0;0.358886741778407;159.999996423721;3;1;2;f;10;0.400000005960464;26.8726054127501
12057;0;0;0;-2.5;0;transformer_type_mcace6c6434cbe839276bdb3f49f98486286abde67b579303079e5962a4a44392glng;0;1.74999991804362;100.000001490116;3;1;2;f;10;0.400000005960464;38.4602051824927
12058;0;0;0;-4;0;transformer_type_ngdafbc63d52d07dc43f1d53e4c15902788e694f057a40991deb0c69d80d50a6beagr;0;0.999999985098839;100.000001490116;3;1;2;f;10;0.400000005960464;39.6874032379946
12059;0;0;0;-4;0;transformer_type_ib6e807b9e6fb4b0feb51336eca026af012f340c8e514497367ac4593570f81d0ee;0;0.0179687497904524;400.000005960464;3;1;2;f;10;0.400000005960464;10.149983800469
12060;0;0;0;-2.5;0;transformer_type_f9702ca3973bc17e281aa0c172a9099036d63c6f178281a0566a14af9a49651c0ih;0;0.0179687497904524;400.000005960464;3;1;2;f;10;0.400000005960464;9.47498272511861
12061;0;0;0;1.5;0;transformer_type_trfnrcca1ea60ffbe240a22492cbd2196775e8bcacd9f07261730f2590b80cc89e8df;0;0;40000;19;1;10;f;110;30;37.51
12062;0;0;0;0;0;transformer_type_e2a3f073647d83f925ca2543169e24626418651cc3cac47243826d1ceb07fd88btreh;0;7.56249980895518e-07;40000;13;-13;0;f;110;10;30.25
12063;0;0;0;-2;0;transformer_type_ndcdf2ccf9be4a1288c260b544f6bc78ad9783b4db481863e851d7511ce9d49d7fnne;0;0.0179687497904524;400.000005960464;3;1;2;f;10;0.400000005960464;9.74998353537636
12064;0;0;0;-2.5;0;transformer_type_dnn11fea2db877e559788835418d58f23c22b3a24e582f1e31faf85cbb76412c7a1i;0;0.0179687497904524;400.000005960464;3;1;2;f;10;0.400000005960464;9.37498264023386
12065;0;0;0;-2.5;0;transformer_type_nb8178572b369f7ac66dfc804aed2431d64132c66641c2daaf9a5180ac7fbf402ar;0;0.0179687497904524;400.000005960464;3;1;2;f;10;0.400000005960464;9.87498362389642
12066;0;0;0;-4;0;transformer_type_encc1d3149f30d1811a7318bb5881d263dca5bf24bd605834f2b84bb84d9c48fe5eee;0;0.0832000017166138;250;3;1;2;f;10;0.400000005960464;12.4797222057998
12067;0;0;0;1.5;0;transformer_type_eiic8f10b39f6e6469fac4eb92d96988cd6de8cc868476890ee3936baeadc14f640eb;0;0;40000;19;1;10;f;120;11;60.48
12069;0;0;0;-2.5;0;transformer_type_e77c40f91664cb507ac6ab1656ee20ed9f567f5e220e70df2506ec4699f197372ea;0;0.0832000017166138;250;3;1;2;f;10;0.400000005960464;15.9997836785287
12071;0;0;0;-4;0;transformer_type_nd282ed3a64d2d4d9b46949a11f21dfebc619286577b3237cbdf4d536a7049fc83b;0;0.0179687497904524;400.000005960464;3;1;2;f;10;0.400000005960464;9.97498369093035
12073;0;0;0;-2.5;0;transformer_type_57451f21d9dfc712cf598bf5e2ac67d3c3ec183f36ed26d276fd24a2ab4d70eatrn;0;0.0179687497904524;400.000005960464;3;1;2;f;10;0.400000005960464;10.2499838587846
12074;0;0;0;-2.5;0;transformer_type_anc1cd4ba6054585bdf5e238f492ee6c13f07010c670e442e2e55ebdeb52c2888eb;0;1.74999991804362;100.000001490116;3;1;2;f;10;0.400000005960464;40.5622657737321
12075;0;0;0;-2.5;0;transformer_type_rel5c9a49092b14f70f23b8d1302b6e2141e16b81b7c35f5a25ebe75a7d983597bbtGn;0;1.74999991804362;100.000001490116;3;1;2;f;10;0.400000005960464;39.961699821243
12077;0;0;0;-2.5;0;transformer_type_nii12ad2f41d119786215928785716b83220c731157a9fd43218c071e8860914396ei;0;0.0832000017166138;250;3;1;2;f;10;0.400000005960464;16.1997871121491
12078;0;0;0;-2.5;0;transformer_type_rha8b82698b624658d2bb6b71babe8d25bdd7765ca2da6a5c17e43f70ca0af06a8r;0;0.0179687497904524;400.000005960464;3;1;2;f;10;0.400000005960464;10.1249843814586
12081;0;0;0;-4;0;transformer_type_etb04be5d446e96bc5987b6f3f385afcac861e8d3225cdcd688750d780ca3152b8rth;0;0.0179687497904524;400.000005960464;3;1;2;f;10;0.400000005960464;9.84998360661797
12082;0;0;0;1.77777802944183;0;transformer_type_rne10b3e9c7568772b0c7cef5000b367a8c3fd23ded8eb7cfabf21828f44024365frI;0;0;40000;19;1;10;f;110;10;50.8199976921082
12084;0;0;0;-2;0;transformer_type_hhd5a30076a76a45f4df094a15cda4ef11c036934ddf7d643c6ae0c54f63b04930gn;0;0.0832000017166138;250;3;1;2;f;10;0.400000005960464;15.1997721022841
12086;0;0;0;-2.5;0;transformer_type_b35a71cc714524b5dd7ba6bd23edbc1e9c7f28e41a20574ffcfecccb6a50d66bbfrt;0;0.999999985098839;100.000001490116;3;1;2;f;10;0.400000005960464;39.6874032379946
12089;0;0;0;-2.5;0;transformer_type_r4e9f9d0d1f36691af3bd5d6eb486a23e9fd921b7861f299d6799d1bb72fc1e8cni;0;1.74999991804362;100.000001490116;3;1;2;f;10;0.400000005960464;41.9635232970049
12092;0;0;0;-4;0;transformer_type_rne6236a96cd7634d66008d303573c04a7cdf129e238763622769c0ecfbad5f6d2fIh;0;0.358886741778407;159.999996423721;3;1;2;f;10;0.400000005960464;25.6224866887139
12096;0;0;0;-2;0;transformer_type_ebeef02d4852e7526e28e0ee5af8c8eb49872e9b98ece1786ca280697e6c33be47d2e;0;0.0179687497904524;400.000005960464;3;1;2;f;10;0.400000005960464;9.49998274574196
12097;0;0;0;1.69230699539185;0;transformer_type_bb3cc7ad1ade853b22d96fc8a8c391f7d0767cdce1200fc233973be1c42b24d3d6bdeta;0;0;31500;27;1;14;f;110;10;40.7174617827885
12101;0;0;0;-4;0;transformer_type_lef12f3f5e7967a32a41dbe5a94258ec8f59f9b669091c457ad125b56258db76707lde;0;0.0179687497904524;400.000005960464;3;1;2;f;10;0.400000005960464;9.49998274574196
12103;0;0;0;-2.5;0;transformer_type_ihmI3b4adbb42c558d75b450a6a12a80240ccad7ef798710e155c1f1543540ccb30dee;0;0.00411922549628015;629.999995231628;3;1;2;f;10;0.400000005960464;7.9523803090243
12104;0;0;0;1.77777802944183;0;transformer_type_an9f7a53ffd9a51c86af2c4dde2fa8b34c393987575aeb80caeebd6703b4a960b3bd;0;0;40000;19;1;10;f;110;10;49.6099988460541
12106;0;0;0;1.5;0;transformer_type_mia357a921ef497b767fa91ebc46c27a232cb0d181f9d6900471478c660153a96del;0;0;40000;27;1;14;f;110;30;32.065
12107;0;0;0;1.5;0;transformer_type_bne96f48f3115560894a0da810518dd80e058dc73ff8d794dac95756d3b67e45b37hfr;0;0;16000;19;1;10;f;30;10.5;4.584375
12109;0;0;0;-2.5;0;transformer_type_te8976ab8466837f8591aab92e2b25b1cd628eeb8a0de509446a58b72706bec392bm;0;0.358886741778407;159.999996423721;3;1;2;f;10;0.400000005960464;25.9350181714016
12111;0;0;0;0;0;transformer_type_mhgn0871abbf4d4c0bd093835cd053f3bd9a064a9436981c5a6ecc0abfb2fd7aa944ee;0;7.64888808603645;300.000011920929;0;0;0;f;20;0.400000005960464;54.4400830121089
12113;0;0;0;-4;0;transformer_type_ng396961deb41bf47dc18372dadf2a44cd9f854da34918afcd0c5b09f0677eea11bn;0;1.74999991804362;100.000001490116;3;1;2;f;10;0.400000005960464;37.959681518852
12114;NaN;0;0;1.5;554.016620498615;transformer_type_nn328cef71127f549cdc3c7387825978271a4dc5a5a80056f1f3febee82bb6e7a3hgi;0;0.8664;500000;5;-5;0;f;380;380;43.3113351334267
12116;0;0;0;1.5;0;transformer_type_n9122342e5be062da8768a83df37e1a52ac8ed432ca3453c57842b20b828f9efe;0;0;10000;19;1;10;f;30;10.5;7.2
12121;0;0;0;0;0;transformer_type_ni77d8db8e4401415d117af384a6e6bd4c3fc8751100513046091bf110d59ef3f5eb;0;0.0832000017166138;250;3;1;2;f;10;0.400000005960464;15.8797821582778
12122;0;0;0;-2.5;0;transformer_type_dtte8a6d4e1b01763c2f730aa3334c397017559d2d04adcdea97616f6451b31e145chtb;0;0.358886741778407;159.999996423721;3;1;2;f;10;0.400000005960464;23.4972598869029
12124;0;0;0;1.5;0;transformer_type_a749448b5e44660b245a10604f36621cb4fe578776e8ea0baaa088cd450b0334abgrn;0;5.415;200000;5;-5;0;f;380;110;108.164540284698
12128;0;10;0;0.5;0;MS-NS_2;0;25;400;10;-10;0;f;20;0.4;31.225
12130;0;0;0;-2;0;transformer_type_i8e6ccb01d0f1708cd61c5f38d963115fa8d6f78faff150f9dad5a6f7eade3b57ra;0;0.358886741778407;159.999996423721;3;1;2;f;10;0.400000005960464;25.6224866887139
12133;0;0;0;1.77777802944183;0;transformer_type_hla18f33175cefe4fec30e714911d5e766e1b57083ea2b3e5685e511bd4ad1a37cnn;0;0;10000;19;1;10;f;30;10;7.2
12134;0;0;0;-2.5;0;transformer_type_a042733fe37fca10480ecc77ff1fa29161b9577a5e728153bb16a24ac997c670b;0;0.511999988555908;125;3;1;2;f;10;0.400000005960464;31.1957994547205
12136;0;0;0;-2;0;transformer_type_rbr7e55ee1d4ab60a64b10d170dedd21832fc9fa75970c767e52e83a4e11e2cc702r;0;1.74999991804362;100.000001490116;3;1;2;f;10;0.400000005960464;38.960717772445
12138;0;0;0;-2.5;0;transformer_type_tntda517498daee29f24acf3737b1ccadd02232e6b37d22d6ae7f07947de6a112768Gg;0;0.0832000017166138;250;3;1;2;f;10;0.400000005960464;15.5597779810056
12141;0;0;0;-2.5;0;transformer_type_nIi5b9c3002e8cddd508daee89427a26e6dfff39c781f0c3e20ae2a4ad653321c47dee;0;1.74999991804362;100.000001490116;3;1;2;f;10;0.400000005960464;38.0597873538924
12068;0;0;0;-2.5;0;transformer_type_ldh0bc68e67f74e23c6e03785134a8432d2e5f3717e62be177ef2ce8dc715d6e0ccrg;0;0.358886741778407;159.999996423721;2;1;2;f;10;0.400000005960464;23.8723025882592
12070;0;0;0;1.5;0;transformer_type_nard97a53283e4c3d78ba940989570d2ac7e885b4139fbb2f773635c7dd00a11434dh;0;0;6300;19;1;10;f;30;10.5;11.0428571428571
12072;0;0;0;-4;0;transformer_type_hgad1644341565232bf3c84812d6167ce0240d760566d6481fccffd1296e92265c9ii;0;1.74999991804362;100.000001490116;3;1;2;f;10;0.400000005960464;39.961699821243
12076;0;0;0;-2.5;0;transformer_type_nbhg6a8075905e0bfa01846306f4ea4c16c2d7870de158984d74b1a17a976d9349c9ne;0;0.0832000017166138;250;3;1;2;f;10;0.400000005960464;16.6397913883322
12079;0;0;0;1.5;0;transformer_type_am2668ea4ed254f8c48513973e7303b7b0c60b4ba7340c4e0a58505d1ad5c35a49gg;0;0;40000;19;1;10;f;115;11;56.20625
12080;0;0;0;0;0;transformer_type_ern72cdf993131461fac6f070fb8ac4b14f1ff2e941296330a294874dcb7aca3c2af;0;1.74999991804362;100.000001490116;3;1;2;f;10;0.400000005960464;41.5631726623344
12083;0;0;0;-2.5;0;transformer_type_a9e54dec913cd2fecfbef31b79377cef733162f805b17c460d3553322c58366e4bmeeG;0;0;159.999996423721;3;1;2;f;10;0.400000005960464;24.3750011408702
12085;0;0;0;-2.5;0;transformer_type_06abf635dd287263bdf15bdcfdacf7272c92ad8a35a6e3a074135a7fa8420a7da;0;0.0179687497904524;400.000005960464;2;1;2;f;10;0.400000005960464;10.1249843814586
12087;0;0;0;-4;0;transformer_type_b1e196d7fec7b57070042b2932da81aa75a6227d98947508f9dd0c446c109c434;0;0.0832000017166138;250;3;1;2;f;10;0.400000005960464;15.5997785132216
12088;0;10;0;1.5;0;HS-MS_1;0;45.375;20000;10;-10;0;f;110;20;102.759
12090;0;0;0;-2.5;0;transformer_type_be9b15157c95a28329b63fd14d2c14cea853459f6d599f9bb8c479dfbb8f1c5f70hbe;0;0.358886741778407;159.999996423721;3;1;2;f;10;0.400000005960464;23.8723025882592
12091;0;0;0;-4;0;transformer_type_g082f56c7fc2faf158a0242ffa065b379a98d4da33b45726b28ff6ad48751188dnh;0;0.0179687497904524;400.000005960464;3;1;2;f;10;0.400000005960464;9.62498284536486
12093;0;0;0;-2.5;0;transformer_type_bfed1cc3172aa95575bce4b3ba3120a835f1ec1cc9268d12a51d9a0e96e7d6d8395r;0;6.05e-05;100000;19;1;9;f;110;10;4.83999999962187
12094;0;0;0;-2;0;transformer_type_endata58379ce81014b6609b44e352e70da03500a22fffecf43fb10d59c5debf3eabfrt;0;0.358886741778407;159.999996423721;3;1;2;f;10;0.400000005960464;24.8099051379156
12095;0;0;0;-4;0;transformer_type_I17b9e85ccb1372b68c553d25ad5a76c43609011183e426ba9d0bf3f59ab0e0dbh;0;0.0415921825749431;314.999997615814;3;1;2;f;10;0.400000005960464;11.9999279202147
12098;0;0;0;-2.5;0;transformer_type_fanrd37e498c6f4758dac89e2908aaa4bc23d948566b905df2310a185738a210f91af;0;0.0415921825749431;314.999997615814;3;1;2;f;10;0.400000005960464;11.8729431424602
12099;0;0;0;-4;0;transformer_type_iain58f8ef85c6ef668c7517b48bda88ad35ae537115b8344fa9f6d4c2bc9acb8814e;0;0.0179687497904524;400.000005960464;3;1;2;f;10;0.400000005960464;9.24998252860197
12100;0;0;0;-2.5;0;transformer_type_ef3a0d08737491324603e5a4635fe802331337cb7eb265fd4e258d4f4d5411381ef;0;0.00411922549628015;629.999995231628;3;1;2;f;10;0.400000005960464;5.98412558139214
12102;0;0;0;0;0;transformer_type_ti91dc27c7349ed3944dd3e1205eb3f60e5b70cbb6bd1909110cfec67b229b4e1ahl;0;96;250;0;0;0;t;20;0.400000005960464;202.385770250776
12105;0;0;0;1.77777802944183;0;transformer_type_aaI3128248cc56358f42961396184a853ebedae0ca7386c8c9edfb80596626b86b7a;0;0;16000;19;1;10;f;30;10;4.55625021457672
12108;0;0;0;-2.5;0;transformer_type_bt93835d89cf672cdcd5f9773b15510261c193b57759f28a79626f721fc44d03c9i;0;0.00411922549628015;629.999995231628;3;1;2;f;10;0.400000005960464;6.50793510217658
12110;0;0;0;-2.5;0;transformer_type_deI2e5c1d1c45cfbaaf465a65ca32353c11f3373b79a4a2af42f86eee462a4f4e66ahne;0;0.0179687497904524;400.000005960464;3;1;2;f;10;0.400000005960464;9.99998370717667
12112;0;0;0;1.77777802944183;0;transformer_type_tgd2181193ce796288042cdc52fb830ecb98ae92220c236013637a8961c15675f6Ga;0;0;40000;19;1;10;f;110;10;51.425
12115;0;0;0;-3;0;transformer_type_e97b34c4e5875fe33dc0d21a7dda888908dd05420d599dd2a4d0acd7995ae50c7ehe;0;0.358886741778407;159.999996423721;3;1;2;f;10;0.400000005960464;15.6208782154049
12117;0;0;0;-4;0;transformer_type_biemic4aa689c447c1c744d433390519d658e25db07314df5e25c4ce5dc27d79306d0t;0;1.74999991804362;100.000001490116;3;1;2;f;10;0.400000005960464;39.5613129681567
12118;0;0;0;-4;0;transformer_type_ed66bd28ab2167ae71c0c6fb90e9ba49de8af71d3f290c85d19b02b3e431bd56e5nba;0;0.0832000017166138;250;3;1;2;f;10;0.400000005960464;16.2797880857489
12119;0;0;0;-4;0;transformer_type_eei9aac9b488a932420e6e1831a734d5dd97aa3b9ccfcf05bbdff2378a0cfbe4b58m;0;0.0179687497904524;400.000005960464;3;1;2;f;10;0.400000005960464;10.7499852991527
12120;0;0;0;-2.5;0;transformer_type_G5d5257b1f8abfda3bf27d9ba5ba8294375f69c199b3ac84d5098c9c8337f9cbedeeb;0;0.0832000017166138;250;3;1;2;f;10;0.400000005960464;15.1997721022841
12123;0;0;0;-2.5;0;transformer_type_nbe4d258ed9384c7069feff3a667c7b40b8262097b2a0164fedf0c2ae7064292308et;0;0.358886741778407;159.999996423721;3;1;2;f;10;0.400000005960464;26.3100532126734
12125;0;0;0;-2;0;transformer_type_dergr1ad26c0e13324c3bda2c732bd7aca92058864a05c9b27eb42e877f6d2d5d5f95rd;0;0.358886741778407;159.999996423721;3;1;2;f;10;0.400000005960464;26.2475459524351
12126;0;0;0;0;0;transformer_type_dbadiiec15036fe7515ce7d57fe7d5d0bf70d3bb6d4038ab59500452f4e128b3b16ee6;0;1.74999991804362;100.000001490116;3;1;2;f;10;0.400000005960464;37.0587032634938
12127;0;0;0;0.625;0;transformer_type_gacced4715483c03a5d57171a248f2a6f3ba8aef22c5ccad7942cc9e365f54705deane;0;0.27944224029541;25000;16;-16;0;t;110;20;58.0793277512261
12129;1269.41157236796;0;0;1.5;554.016620498615;transformer_type_rlbi749448b5e44660b245a10604f36621cb4fe578776e8ea0baaa088cd450b0334ari;0;5.415;200000;5;-5;0;f;380;110;108.164540284698
12131;0;0;0;0.5;0;transformer_type_ti4e3e8b28c8b7465bdbe3a2bc1ce0d84649002b72dad285a36a7c2fc188ed6998be;0;24.999999254942;400.000005960464;19;1;10;f;20;0.400000005960464;31.2249898249653
12132;0;0;0;-2.5;0;transformer_type_n927edd582ad51bf30990303da21f5e7b07c089418f9a5c0a65e9ceb06c0cc9b7em;0;0.0832000017166138;250;2;1;2;f;10;0.400000005960464;15.3197737714735
12135;0;0;0;-2;0;transformer_type_nebb510dcfd1002f325303c683cda42deea53da0133d195136d3072f2e1c4a46c4laI;0;0.0179687497904524;400.000005960464;3;1;2;f;10;0.400000005960464;9.99998370717667
12137;1385.04157188526;0;0;1.5;0;transformer_type_aintfbb4b508d9f401abb39da875e4cf56f05d346abb8f8d746f4c24fb19beed0e93lrl;0;5.415;200000;5;-5;0;f;380;110;108.164540284698
12139;0;0;0;-4;0;transformer_type_e805c86009bdc500f57d750ce64ca8bd3cf495020403bce10016136b2045a7515r;0;0.0832000017166138;250;3;1;2;f;10;0.400000005960464;14.7997663294211
12140;0;0;0;-4;0;transformer_type_ri645d7212074a5120be0580346fbc60bb2d825a15df7b9c0b6d614bf44785e022en;0;0.358886741778407;159.999996423721;3;1;2;f;10;0.400000005960464;16.9962119104687
12142;0;0;0;-2;0;transformer_type_hmgd68b0f53853b5da2d05feec0e76ff0af462c7b88fbd67ed34da20181d78c89d27ilie;0;1.74999991804362;100.000001490116;3;1;2;f;10;0.400000005960464;40.9626338507164
12145;0;0;0;-2.5;0;transformer_type_ntg028c8554fec9516adaa17b5716f81b098af78ba20002721c9b69665dd69fe332r;0;0;400.000005960464;3;1;2;f;10;0.400000005960464;9.99999985098839
12147;0;0;0;-2.5;0;transformer_type_ert52e1362ae907cc9f8edb50edbf461ab44f24ad0f5d71d1aedfabd5e8c89e3447na;0;1.74999991804362;100.000001490116;3;1;2;f;10;0.400000005960464;37.4591438553704
12148;0;0;0;-2.5;0;transformer_type_bbnb9d01817cb8fa450b038df25518445c3ece23a123a602e6b87f75f5287ef5ff7;0;0.0832000017166138;250;3;1;2;f;10;0.400000005960464;15.0397698324227
12153;0;0;0;1.77778005599976;0;transformer_type_een146349058c1f8e8e7886ff65385cae171d98eec58eafa1d7741163fbd6e2df90a;0;0;16000;19;1;10;f;30;10;4.38750010728836
12154;0;0;0;1.5;0;transformer_type_nei9720c77ddf8926d6c1af38c6bb88b6ab9dec373404493f9ac1b569b5c3c3f53creg;0;0;16000;19;1;10;f;30;10.5;4.5
12155;0;0;0;-2.5;0;transformer_type_l01c34b1da8c43b1000ae1e21e2548f43f58eb154f553ca461a5421a654980f5eb;0;0.00411922549628015;629.999995231628;3;1;2;f;10;0.400000005960464;5.904760558059
12157;0;0;0;-4;0;transformer_type_rr76c8d02f3fc8479b3eb6510afe0179992760baffe9daf7ae5f48d69df875718dtb;0;1.74999991804362;100.000001490116;3;1;2;f;10;0.400000005960464;38.960717772445
12158;0;0;0;1.5;0;transformer_type_nr1e7094a3a619f0af9f5d718f35eca49ba257b77254cbd2813abf99a8c62be90dr;0;0;16000;19;1;10;f;30;10.5;4.3875
12160;0;0;0;-2.5;0;transformer_type_td452e0794da7fccaa2ab98fd2049c8fef1784e6f58a96136486d2958783a9676eeafbe;0;0;159.999996423721;3;1;2;f;10;0.400000005960464;23.8750001164153
12166;0;0;0;-2;0;transformer_type_ie5dba43ee4df6b76aa378d376c95c95ef045977eeceba12da1eff05fba25f7b95nnIi;0;0.0832000017166138;250;3;1;2;f;10;0.400000005960464;16.7997932167318
12167;0;0;0;-2;0;transformer_type_le3a497de6f416f89a7193d708b0c19f8f0edff8c6ae81522c71dd7f085f8bcbefhi;0;0.358886741778407;159.999996423721;3;1;2;f;10;0.400000005960464;23.7472885055543
12171;0;0;0;-4;0;transformer_type_rh7eae51406179b9db32ffc1942ebafae136637ef2b3ba25aeaa3f6ba71a95e64brmi;0;0.0832000017166138;250;3;1;2;f;10;0.400000005960464;15.7597806131326
12173;0;0;0;-2.5;0;transformer_type_n1a91328f56b5641804e9ee9b51dbbd5b8d8ac5c839411f56c726e7f3ca10af69r;0;1.74999991804362;100.000001490116;3;1;2;f;10;0.400000005960464;36.9585916232399
12183;0;10;0;0.5;0;MS-NS_1;0;10.078;630;10;-10;0;f;20;0.4;23.312
12184;0;0;0;-2.5;0;transformer_type_bbc357d153eee11c384b06e6f1b09d20df7b6c312f09818b194fbb73040435e4ebnel;0;0.0832000017166138;250;3;1;2;f;10;0.400000005960464;17.0397977969484
12189;0;0;0;-2.5;0;transformer_type_nfim78ce8d6ef8e0eef740e9ef708e3ee8f5c90a90866d46390b2eabbc0ae975ef8fbaIg;0;0.444444444444444;150;3;1;2;f;10;0.400000005960464;26.4629349029256
12201;0;0;0;-2.5;0;transformer_type_73fa48041c0c6cb443cbef30888e20839c361fa479112359a4329571e60af4a6r;0;0.0179687497904524;400.000005960464;2;1;2;f;10;0.400000005960464;10.3499839141016
12203;0;0;0;1.5;0;transformer_type_72bfe40e9d676ec4c371abaebb647c3ce6f0ec5def3784c81aed1c44f2e0583brrena;0;0;40000;19;1;10;f;110;11;51.425
12205;0;0;0;-4;0;transformer_type_teeeeefbad07211a4437664c594594a8f97147997538f5745dc7d8778db47997d9229iei;0;1.74999991804362;100.000001490116;3;1;2;f;10;0.400000005960464;40.5622657737321
12206;0;0;0;-2.5;0;transformer_type_rhi9b8f4b566817924a7bcebbc3452f24ce7a16016886f467d284190f1e43e276eaignh;0;1.74999991804362;100.000001490116;3;1;2;f;10;0.400000005960464;39.3611165887432
12207;0;0;0;-4;0;transformer_type_dgth2e9e079b5e731ddc93fb92e207c00936a1c479876aefb40c6522759e258280a0;0;1.74999991804362;100.000001490116;3;1;2;f;10;0.400000005960464;38.4602051824927
12208;0;0;0;-2.5;0;transformer_type_e5d93634b59593f549e8a04e6aa25c61968aa152418c6f5d8be5ecf6e5a0e3cadnet;0;1.74999991804362;100.000001490116;3;1;2;f;10;0.400000005960464;38.8606167836426
12209;0;0;0;1.5;0;transformer_type_neIhbb620f5ed2c27e5ddf74792cb4bf1a3c092e0a01376a8f08fccb6800425a57dbe;0;0;40000;19;1;10;f;110;11;49.61
12211;0;0;0;-4;0;transformer_type_e9872896dda78b36de5eed5fefd29632263f68011dbca49cd730002425dfa48c0ie;0;1.74999991804362;100.000001490116;3;1;2;f;10;0.400000005960464;36.9585916232399
12212;0;0;0;1.5;0;transformer_type_aed472bcb80597c9872efcf387b028d19391c9a4c48fa76d35ac968ffa697a0efa;0;0;40000;19;1;10;f;110;30;31.1575
12214;0;0;0;0;0;transformer_type_cigreconnected_industrial;0;15.442;150;0;0;0;f;20;0.4;109.9012
12143;0;0;0;0.5;0;transformer_type_b130dfc1ff71fed49834cf5cc1bf6143be4a2b51a61923728f25bb715d8f97e57r;0;10.0781054687598;629.999995231628;19;1;10;f;20;0.400000005960464;23.3115966883691
12144;0;0;0;-2.5;0;transformer_type_dg1f146189703f1f9df45f8f3bb4cd5e6e0faffaac8e75a4157429bfe1ac00730afhn;0;1.74999991804362;100.000001490116;2;1;2;f;10;0.400000005960464;40.5622657737321
12146;0;0;0;-2.5;0;transformer_type_nd0eb89f745d4e4d78efd0eecda6cc30f7528c5e9ec1f034b8c328ba89514ed5dh;0;0.0832000017166138;250;3;1;2;f;10;0.400000005960464;14.5997633165278
12149;0;0;0;-2.5;0;transformer_type_lb78ce8d6ef8e0eef740e9ef708e3ee8f5c90a90866d46390b2eabbc0ae975ef8fI;0;100;100;3;1;2;f;10;0.400000005960464;NaN
12150;0;0;0;-2;0;transformer_type_tei34f9b27042737e7ec3ed9b5c1b360bb17478575d16e88569960c0f2564395f74;0;1.74999991804362;100.000001490116;3;1;2;f;10;0.400000005960464;39.961699821243
12151;0;0;0;-2.5;0;transformer_type_gng6062070eba6fb7820794fe63aace313627a6144464dfe863cbdcc399892d8d14rebb;0;1.74999991804362;100.000001490116;3;1;2;f;10;0.400000005960464;36.4580242223976
12152;0;0;0;-2.5;0;transformer_type_nrb572cf014b1134c039e49d1ff058b3f25ac6ee281dc325f043809cbc66c59c991ina;0;0.0832000017166138;250;3;1;2;f;10;0.400000005960464;15.3597743216767
12156;0;0;0;-2;0;transformer_type_fi4f44a9e4a0064fba6dfd2b4275fbbacb3717fff406496c1bbe3f3d304bf65229rm;0;0.0832000017166138;250;3;1;2;f;10;0.400000005960464;16.3997885732563
12159;0;0;0;-4;0;transformer_type_dene161d607304dc5d33aee3da4dfa7b3fb0bcbc6be565b58dd2f106b3347cc69aan;0;0.0179687497904524;400.000005960464;3;1;2;f;10;0.400000005960464;10.2749844689389
12161;0;0;0;-4;0;transformer_type_i726e2d7fe46a7a93c824dfe944a3a22c69258d5081a62cdb8e440ca64a6c6194gbht;0;0.358886741778407;159.999996423721;3;1;2;f;10;0.400000005960464;23.1222157890639
12162;0;0;0;-4;0;transformer_type_ebbb7d820c84cfef47d98156c8154d9d017b71c30ae407eedaa5b4073e927963adle;0;0.358886741778407;159.999996423721;3;1;2;f;10;0.400000005960464;25.1849449269553
12163;0;0;0;-2;0;transformer_type_Gg663663a9790cc5de85a34ef577c1f662f18917d17cd7b67081df035e9a849641mdd;0;1.74999991804362;100.000001490116;3;1;2;f;10;0.400000005960464;37.959681518852
12164;0;0;0;-2.5;0;transformer_type_t766ef2bd207ca4e54a6c76d240493bfbfec0b577b081fb8ea8332e3500e5a872b;0;0.0832000017166138;250;3;1;2;f;10;0.400000005960464;16.3997885732563
12165;0;0;0;-4;0;transformer_type_ba04252ab00802cb464b3ae0d95dfaef3ba6288fec0bf2a230d495ce63ea2834fGtl;0;1.74999991804362;100.000001490116;3;1;2;f;10;0.400000005960464;35.9574386323399
12168;0;0;0;-2.5;0;transformer_type_dn8fb6c6872fb09366c101b506197a92ff9c7911a7328bce391323d132252d2843h;0;0.00411922549628015;629.999995231628;3;1;2;f;10;0.400000005960464;6.30158604836703
12169;0;0;0;-4;0;transformer_type_efeId88a60bb4cd33cf1e714bf6f54df46b0286ea7e3a95b32ba1d4a3f9e5cdd8280err;0;0.0832000017166138;250;3;1;2;f;10;0.400000005960464;10.7596785586397
12170;0;0;0;-2.5;0;transformer_type_n78ce8d6ef8e0eef740e9ef708e3ee8f5c90a90866d46390b2eabbc0ae975ef8flatd;0;999999.905005104;1.00000004749745;3;1;2;f;10;0.400000005960464;NaN
12172;0;0;0;-4;0;transformer_type_drnd8dbf574ccbca9561ac133464adb0c19e5b969f0b3cb6bb729948fbc8ccf3c65tet;0;0.124999998137355;200.000002980232;3;1;2;f;10;0.400000005960464;18.4995776606416
12174;0;0;0;-4;0;transformer_type_rh614cfa3d00d83caf20eaede7280452af2fe8dbd36ddbcd26db0921ba4c054deaei;0;0.0832000017166138;250;3;1;2;f;10;0.400000005960464;15.9997836785287
12175;0;0;0;-2.5;0;transformer_type_ten8a857cb943141a4d142c5a8febdfaef08f227ea56c7206798155b09c3b79cc1beb;0;0.0179687497904524;400.000005960464;3;1;2;f;10;0.400000005960464;9.62498284536486
12176;0;0;0;-2.5;0;transformer_type_r427642c95fb276384311d96c965ef7b0c8567f94f38ab7fbf1ce6c9d6fcaaefemei;0;0.0179687497904524;400.000005960464;3;1;2;f;10;0.400000005960464;10.5499840160812
12177;0;0;0;0;0;transformer_type_idendec6d346215d047f6ab7a114f2b6a18ef5f3e08d547cee685032c9f52c7825f3h;0;4.61920013427734;500;0;0;0;f;20;0.400000005960464;32.6598408205034
12178;0;0;0;-2;0;transformer_type_Irme2dd9bf4865c4890610d6537b0e09e581fcae6680544440a799128db34e9560darI;0;0.0179687497904524;400.000005960464;3;1;2;f;10;0.400000005960464;10.2499838587846
12179;0;0;0;-2.5;0;transformer_type_e09df584957a11d2548e018647c535a2997a970d53a6a9582d38f0d7e1c6527fall;0;0.0832000017166138;250;3;1;2;f;10;0.400000005960464;14.7997663294211
12180;0;0;0;-4;0;transformer_type_te9ed4004be5b04d36b88f1c90f0c6890efa6e935549725c335152cd9b48998405b;0;0.0832000017166138;250;3;1;2;f;10;0.400000005960464;16.8397946216358
12181;0;0;0;1.77777802944183;0;transformer_type_ahncf3dca1d38a09c25f09858a603f940a75eb4643670fd608fcca2e656ca965551bhnb;0;0;16000;19;1;10;f;30;10;4.61249989271164
12182;0;0;0;-4;0;transformer_type_gnir85b6ed0797eda0be6173e642b46db1650c0886d3a1e7e247f6a94cdba5dfadf9t;0;0.0832000017166138;250;3;1;2;f;10;0.400000005960464;15.1997721022841
12185;0;0;0;-4;0;transformer_type_n073b4345a05be4209ea5f6ccc613aed088b3d65c6b74c07d0de58477dcbe0f99dem;0;0.00411922549628015;629.999995231628;3;1;2;f;10;0.400000005960464;6.09523661322485
12186;0;0;0;-4;0;transformer_type_al7474e802acb43d546195a734a14b02f00aa0138cb5e6de3eb004a8f82f865063;0;0.358886741778407;159.999996423721;3;1;2;f;10;0.400000005960464;23.8723025882592
12187;0;0;0;-4;0;transformer_type_2adac8ea1769fb9f918de80f99688dbb183db03005d7c1f78f34307056ae9f6ce;0;1.74999991804362;100.000001490116;3;1;2;f;10;0.400000005960464;36.4580242223976
12188;0;0;0;-4;0;transformer_type_Iil937ce12650c3d64e92a3be2b691b29e821609fd54dc4f3e4162d2b1b28ff16f3lr;0;0.358886741778407;159.999996423721;3;1;2;f;10;0.400000005960464;24.3723589527973
12190;0;0;0;-4;0;transformer_type_ed7f4560559d9d94d691b10ddbdbff322d9a0b8fc2a547839cbdbff1cdb476a1d4fe;0;0.00411922549628015;629.999995231628;3;1;2;f;10;0.400000005960464;6.41269707768278
12191;0;0;0;-4;0;transformer_type_bnn4c1989af18a35817c82828a7c96386a82343e4b4c70738c79f95f2d8d73693ecn;0;1.74999991804362;100.000001490116;3;1;2;f;10;0.400000005960464;37.4591438553704
12192;0;0;0;-4;0;transformer_type_ree839b6bb1f41919867eba80344dfa42cf01c5b7dfb63b58ac2c71cb759f60bebdrrhr;0;0.358886741778407;159.999996423721;3;1;2;f;10;0.400000005960464;24.1223303121721
12193;0;0;0;-2.5;0;transformer_type_inn8ed3a5ac2ed4d69e42a7943c751e2db6d99a42661779e960559dba2d326a1ceereg;0;0.0179687497904524;400.000005960464;3;1;2;f;10;0.400000005960464;9.74998353537636
12194;0;0;0;-4.5;0;transformer_type_IGeedeefb7011ce05983724101da1ab9ff0191c74b7ac959b96ca252c49072f20frd;0;0.0832000017166138;250;3;1;2;f;10;0.400000005960464;15.8797821582778
12195;0;0;0;-2;0;transformer_type_Idffe6442a946b1cf7ea9718b91368b6e0068d7c1ad9158b8fdf56e0312920db4fe;0;0.0832000017166138;250;3;1;2;f;10;0.400000005960464;15.5997785132216
12197;0;0;0;-4;0;transformer_type_ebb8047b9fca06284108257cee99a375dcd6b87c85a8dcf2a7bd1083f9c541756a;0;0.0415921825749431;314.999997615814;3;1;2;f;10;0.400000005960464;12.7935839482361
12198;0;0;0;1.77777802944183;0;transformer_type_erc49cfd5d5eea3f84c3123c66f31180e87942c5e900fbc47f48f90dfa05a4c383deei;0;0;16000;19;1;10;f;30;10;4.5
12199;0;0;0;-5;0;transformer_type_ir5766d650cc2ea0e031721c7edcef503f9a0e822a9d9c915a9d62926e7535cd7adt;0;0.0832000017166138;250;3;1;2;f;10;0.400000005960464;15.1997721022841
12200;1.27;10;0;1.5;555.5;HöS-HS_1;0;5.415;200000;5;-5;0;f;380;110;108.165
12202;0;0;0;-2.5;0;transformer_type_ebmhbdd1433945cbd44865dcf9208506ea8be5976b70432bd26d306363903921e906dbe;0;0.00411922549628015;629.999995231628;3;1;2;f;10;0.400000005960464;6.42857046024719
12204;0;0;0;1.77778005599976;0;transformer_type_gedfi89fc7c895076ff25ec6d3b2e7ab9a1b24b37f73ecf30f895005d766a8d8d2774aa;0;0;40000;19;1;10;f;110;10;51.7275011539459
12210;0;0;0;-4;0;transformer_type_nrl2598ba1a9c2627b39856fc20db6c5ddb260ee2dd29fc811edf3cc837cdca8e71md;0;0.0179687497904524;400.000005960464;3;1;2;f;10;0.400000005960464;10.5999840398326
12213;0;0;0;-2;0;transformer_type_gh82e372aa9ee4005c4814a9f5635c5d7d17e54cd51d8d0531710088bee1919a66ln;0;0.0832000017166138;250;3;1;2;f;10;0.400000005960464;15.9997836785287
12196;0;0;0;1.5;0;transformer_type_fec3d7725afa61cd99748c1bb90b360d39ca9c34b3476847da6d09212cdfc95441rG;0;4.5375;20000;10;-10;0;t;110;20;102.749859336887
